Species,TL,SE,analysis,source,,,,,
Abudefduf spp,3,0.33,FB/SLB,www.fishbase.org,,,,,
Acantephyra eximia,2.5,0.35,labtroph,,,,,,
Acantephyra pelagica,2.5,0.35,labtroph,,,,,,
Acantephyra purpurea,2.5,0.35,labtroph,,,,,,
Acantephyra spp,2.5,0.35,labtroph,,,,,,
Acanthocardia aculeata,2.5,0.35,labtroph,,,,,,
Acanthocardia echinata,2.1,0.35,labtroph,,,,,,
Acanthocardia paucicostata,2.1,0.35,labtroph,,,,,,
Acanthocybium solandri,4.3,0.2,FB/SLB,www.fishbase.org,,,,,
Acantholabrus palloni,3.5,0.37,FB/SLB,www.fishbase.org,,,,,
Acipenser spp,3.5,0.51,,,,,,,
Acipenser sturio,3.5,0.51,FB/SLB,www.fishbase.org,,,,,
Acipenseridae,3.5,0.51,,,,,,,
Actinauge richardi,2.34,0.35,labtroph,,,,,,
Actinia roja,2.34,0.35,labtroph,,,,,,
Actinia,2.34,0.35,labtroph,,,,,,
Actinopterigios,3.5,0.5,,,,,,,
Adamsia carcinopados,2.7,0.35,,,,,,,
Adamsia palliata,2.7,0.35,,,,,,,
Aequipecten opercularis,2.2,0.04,Local IA,Chouvelon et al. 2012,,,,,
Alcionum palmatum,2.34,0.35,labtroph,,,,,,
Alcyonium palmatum,2.34,0.35,labtroph,,,,,,
Alcyonium spp,2.34,0.35,labtroph,,,,,,
Alepocephalidae ,3.7,0.2,,,,,,,
Alepocephalus rostratus,3.7,0.2,fishbase,,,,,,
Algae,1,0.01,,,,,,,
Alloteuthis africana,3.71,0.35,,,,,,,
Alloteuthis media,4.45,0.35,,,,,,,
Alloteuthis spp,4.45,0.35,,,,,,,
Alloteuthis subulata,3.66,0.22,Non local IA,Navarro et al. 2011,,,,,
Alopias spp,4.5,0.8,FB/SLB,www.fishbase.org,,,,,
Alopias superciliosus,4.5,0.01,FB/SLB,,,,,,
Alopias vulpinus,4.5,0.8,FB/SLB,www.fishbase.org,,,,,
Alosa alosa,3.6,0.53,FB/SLB,www.fishbase.org,,,,,
"Alosa alosa, A. fallax",3.6,0.6,FB/SLB,www.fishbase.org,,,,,
Alosa fallax,3.6,0.6,FB/SLB,www.fishbase.org,,,,,
Alosa spp,3.6,0.6,FB/SLB,www.fishbase.org,,,,,
Alpheus dentipes,2.4,0.35,,,,,,,
Alpheus glaber,2.4,0.35,,"LeLoc'h et al., 2008",,,,,
Ammodytes marinus,2.7,0.3,FB/SLB,www.fishbase.org,,,,,
Ammodytes spp,3.7,0.04,Local IA,Chouvelon et al. 2012,,,,,
Ammodytes tobianus,3.7,0.04,Local IA,Chouvelon et al. 2012,,,,,
Ammodytidae,3.7,0.04,,,,,,,
Ampelisca aequicornis,3.1,0.35,,,,,,,
Ampelisca spp,2,0.35,labtroph,,,,,,
Ampeliscidae,2,0.35,,,,,,,
Amphipoda,2.3,0.35,,,,,,,
Amphiura filiformis,2.2,0.35,labtroph,,,,,,
Anacanthini ,3.5,0.35,,,,,,,
Anapagurus laevis,2,0.35,local IA,"LeLoc'h et al., 2008",,,,,
Anapagurus spp,2.5,0.35,labtroph,,,,,,
Anarhichas lupus,4,0.35,Non local IA,Jennings et al. 2002,,,,,
Anarhichas spp,3.6,0.01,,,,,,,
Anemona,2.5,0.35,,,,,,,
Anemonia sulcata,2.34,0.35,,,,,,,
Anguiliforme,3.5,0.35,,,,,,,
Anguilla anguilla,3.47,0.77,FB/SLB,www.fishbase.org,,,,,
Anguilla spp,3.47,0.77,FB/SLB,www.fishbase.org,,,,,
Anilocra physoides,0,0,parasite,,,,,,
Anomura,2.5,0.35,,,,,,,
Anotopterus pharao,4.3,0.76,fishbase,,,,,,
Anseropoda membranacea,2.2,0.35,labtroph,accepted name in Anseropoda placenta,,,,,
Anseropoda placenta,2.2,0.35,labtroph,,,,,,
Anthozoa ,2.5,0.35,labtroph,,,,,,
Anthuridae,2.34,0.35,,,,,,,
Aperiovula adriatica,2.37,0.35,labtroph,,,,,,
Aphanopus carbo,4.2,0.04,Local IA,Chouvelon et al. 2012,,,,,
Aphia minuta,3.1,0.28,FB/SLB,www.fishbase.org,,,,,
Aphrodita aculeata,2.061,0.35,labtroph,,,,,,
Aphrodite aculeata,2.061,0.35,labtroph,accepted name is Aphrodita aculeata,,,,,
Aphroditidae ,2.061,0.35,labtroph,,,,,,
Apodes ,3.2,0.35,?,,,,,,
Apogon imberbis,3.8,0.56,,,,,,,
Aporrhais pespelicani,2.37,0.35,labtroph,,,,,,
Aporrhais serresianus,2.37,0.35,labtroph,,,,,,
Arabella iricolor,2.061,0.35,labtroph,,,,,,
Arculfia spp,2.285,0.35,,,,,,,
Arenicola marina,2.061,0.35,,,,,,,
Argentina silus,3.6,0.04,Local IA,Chouvelon et al. 2012,"3.63, Lassalle et al., 2014",,,,
Argentina sphyraena,3.8,0.09,Local IA,Chouvelon et al. 2012,"3.84 Lassalle et al., 2014",,,,
Argentina spp,3.7,0.09,Local IA,Chouvelon et al. 2012,,,,,
Argissa hamatipes,2.285,0.35,labtroph,,,,,,
Argobuccinum olearium,2.37,0.35,labtroph,,,,,,
Argyropelecus hemigymnus,3.1,0.14,FB/SLB,www.fishbase.org,,,,,
Argyropelecus olfersii,3.4,0.41,FB/SLB,www.fishbase.org,,,,,
Argyropelecus spp,3.1,0.14,,,,,,,
Argyrosomus regius,4.3,0.75,FB/SLB,www.fishbase.org,,,,,
Aristaeomorpha foliacea,3.77,0.66,FB/SLB,www.sealifebase.org,,,,,
Aristomorpha foliacea,3.77,0.66,,,,,,,
Aristeidae,3.3,0.47,,,,,,,
Aristeus antennatus,3.3,0.47,,,,,,,
Aristeus antenatus,3.3,0.47,,,,,,,
Armina maculata,2.6,0.35,labtroph,,,,,,
Arminia tigrina,2.6,0.35,labtroph,,,,,,
Arnoglossus imperialis,3.8,0.6,FB/SLB,www.fishbase.org,"3 LeLoch' et al., 2008",,,,
Arnoglossus laterna,3.6,0.3,FB/SLB,www.fishbase.org,"3 LeLoc'h et al., 2008",,,,
Arnoglossus spp,3.6,0.5,,,,,,,
Arnoglossus thori,3.3,0.5,FB/SLB,www.fishbase.org,,,,,
Arrhis mediterraneus,2.285,0.35,,,,,,,
Ascophyllum nodosum,1,0.01,,,,,,,
Aspitrigla cuculus,3.86,0.02,Local SC,IEO analysis from Isaskun Preciado,,,,,
Astacilla longicornis,2.285,0.35,,,,,,,
Astarte sulcata,2.1,0.35,labtroph,,,,,,
Asteroidea ,2.2,0.35,labtroph,,,,,,
Asteronys loveni,2.2,0.35,labtroph,,,,,,
Asteronyx loveni,2.2,0.35,labtroph,,,,,,
Astropecten irregularis,2.2,0.35,labtroph,,,,,,
Atelecyclus rotundatus,2.8,0.35,local IA,"LeLoc'h et al., 2008",,,,,
Atelecyclus undecimdentatus,2.5,0.35,labtroph,,,,,,
Atherina boyeri,3.2,0.36,FB/SLB,,,,,,
Atherina presbyter,4.2,0.04,Local IA,Chouvelon et al. 2012,,,,,
Atherina spp,3.7,0.43,,,,,,,
Atherinidae,3.53,0.36,FB/SLB & Local IA,www.fishbase.org & Chouvelon et al. 2012,,,,,
Atrina fragilis,2.1,0.35,labtroph,,,,,,
Atrina pectinata,2.1,0.35,labtroph,,,,,,
Auxis rochei,4.3,0.67,FB/SLB,www.fishbase.org,,,,,
Auxis thazard,4.4,0.4,FB/SLB,www.fishbase.org,,,,,
"Auxis thazard, A. rochei",4.35,0.67,FB/SLB,www.fishbase.org,,,,,
Balistes capriscus,3.6,0.5,FB/SLB,www.fishbase.org,,,,,
Balistes carolinensis,4.1,0.2,FB/SLB,www.fishbase.org,,,,,
Balistidae,3.85,0.35,FB/SLB,www.fishbase.org,mean,,,,
Bathymedon spp,2.285,0.35,labtroph,,,,,,
Bathynectes maravigna,2.5,0.35,labtroph,,,,,,
Bathypathes patula,2.34,0.35,labtroph,,,,,,
Bathypolipus arcticus,3.5,0.35,labtroph,,,,,,
Bathypolypus arcticus,3.5,0.35,labtroph,,,,,,
Bathypolipus spp,3.5,0.35,labtroph,,,,,,
Bathypolipus sponsalis,3.65,0.56,FB/SLB,www.sealifebase.org,,,,,
Bathypolypus sponsalis,3.65,0.56,FB/SLB,www.sealifebase.org,,,,,
Bathyraja spp,4,0.7,,,,,,,
Bathysolea profundicola,3.2,0.4,FB/SLB,www.fishbase.org,,,,,
Batrachoides spp,4,0.64,FB/SLB,,,,,,
Belone belone,4.2,0.7,FB/SLB,www.fishbase.org,,,,,
Berycidae,4.15,0.2,FB/SLB & Local IA,www.fishbase.org & Chouvelon et al. 2012,,,,,
Beryx decadactylus,4,0.08,Local IA,Chouvelon et al. 2012,,,,,
Beryx splendens,4.3,0.2,FB/SLB,www.fishbase.org,,,,,
Beryx spp,4.15,0.2,FB/SLB & Local IA,www.fishbase.org & Chouvelon et al. 2012,,,,,
Bivalvia,2.1,0.35,,,,,,,
Blenniidae,3.5,0.43,,,,,,,
Blennius ocellaris,3.5,0.43,FB/SLB,www.fishbase.org,3.454640625,,,,
Bolinus brandaris,3.23,0.45,FB/SLB,www.sealifebase.org,,,,,
Bonnierella abyssorum,2.285,0.35,labtroph,,,,,,
Boops boops,4,0.18,Local IA,Chouvelon et al. 2012,"3.98, Lassalle et al., 2014",,,,
Bothidae,3.7,0.6,FB/SLB,www.fishbase.org,,,,,
Bothus podas,3.4,0.4,FB/SLB,,,,,,
Brachyura,2.5,0.35,,,,,,,
Brama brama,4.1,0.64,FB/SLB,www.fishbase.org,,,,,
Brama spp,4.1,0.64,,,,,,,
Brisingella coronata,2.2,0.35,labtroph,,accepted name: Hymenodicus coronata,,,,
Brissopsis lyrifera,2,0.35,labtroph,,,,,,
Brosme brosme,4,0.4,FB/SLB,www.fishbase.org,,,,,
Bruzelia typica,2.285,0.35,labtroph,,,,,,
Buccinum humphreysianum,2.37,0.35,labtroph,,,,,,
Buccinum undatum,2.2,0.09,Local IA,Chouvelon et al. 2012,,,,,
Buenia jeffreysii,3.6,0.54,FB/SLB,www.fishbase.org,,,,,
Buglossidium luteum,3.3,0.42,FB/SLB,www.fishbase.org,,,,,
Calanoida,2,0.35,labtroph,,,,,,
Calappa granulata,2.5,0.35,,,,,,,
Callanthias ruber,3.8,0.59,FB/SLB,www.fishbase.org,,,,,
Calliactis parasitica,2.34,0.35,labtroph,,,,,,
Caliopsis parasitica,0,0,parasite,,,,,,
Callianassa spp,2.2,0.35,,,,,,,
Callianassa tyrrhena,2,0.01,sealifebase,,,,,,
Callionymus lyra,3.44,0.02,Local SC,IEO analysis from Isaskun Preciado,"3.54, Lassalle et al., 2014",,,,
Callionymus maculatus,3.3,0.4,FB/SLB,www.fishbase.org,"3 (LeLoc'h et al., 2008)",,,,
Callionymus reticulatus,3.3,0.39,FB/SLB,www.fishbase.org,,,,,
Callionymus spp,3.3,0.35,,,,,,,
Calliostoma granulatum,3,0.35,local IA,"LeLoc'h et al., 2008",,,,,
Callista chione,2,0.35,Local modelling,Lassalle et al. 2011,,,,,
Calocaris maecandrae,2.5,0.35,labtroph,,,,,,
Calocaris macandreae,2.5,0.35,labtroph,,,,,,
Calyptoconcha pellucida,2.37,0.35,labtroph,,,,,,
Campogramma glaycos,4.5,0.8,,,,,,,
Cancer bellianus,2.6,0.35,,,,,,,
Cancer pagurus,2.9,0.06,Local IA,Chouvelon et al. 2012,,,,,
Caprellidae,2.285,0.35,labtroph,,,,,,
Caproidae,2.94,0.03,Non local IA,Pinnegar et al. 2002,,,,,
Capros aper,2.94,0.03,Non local IA,Pinnegar et al. 2002,,,,,
Carangidae,4.14,0.8,FB/SLB & Local IA,www.fishbase.org & Chouvelon et al. 2012,,,,,
Carangolia barnardi,2.285,0.35,labtroph,,,,,,
Caranx hippos,3.6,0.4,,,,,,,
Caranx rhonchus,3.6,0.59,,,,,,,
Carapidae,3.7,0.35,,,,,,,
Carcharhinidae,4.5,0.01,,,,,,,
Carcharhinus brachyurus,4.5,0.01,,,,,,,
Carcharias taurus,4.5,0.4,,,,,,,
Carcinus maenas,3.5,0.53,FB/SLB,www.sealifebase.org,,,,,
Cardiidae,2,0.35,Local modelling,Lassalle et al. 2011,,,,,
Cardioidea,2.1,0.35,labtroph,,,,,,
Cardium spp,2.1,0.35,labtroph,,,,,,
Caridea,2.6,0.35,labtroph,,,,,,
Caryophyllia smithii,2.34,0.35,labtroph,,,,,,
Cavolinia inflexa,2.4,0.35,labtroph,,,,,,
Cavolinia spp,2.4,0.35,labtroph,,,,,,
Centrolophidae,3.9,0.38,,,,,,,
Centrolophus niger,3.9,0.38,,,,,,,
Centrophorus granulosus,4.1,0.4,,,,,,,
Centrophorus squamosus,4.2,0.6,FB/SLB,www.fishbase.org,,,,,
Centroscymnus coelolepis,4.5,0.1,FB/SLB,www.fishbase.org,,,,,
Centroscymnus crepidater,4.2,0.4,,,,,,,
Cephalopoda,3.5,0.35,,,,,,,
Cepola macrophthalma,4.1,0.04,Local IA,Chouvelon et al. 2012,,,,,
Cepola rubescens,3.1,0.23,fishbase,,,,,,
Cerastoderma edule,2,0.35,Local modelling,Lassalle et al. 2011,,,,,
Cerastoderma spp,2,0.35,labtroph,,,,,,
Ceratoscopelus maderensis,3.1,0.21,FB/SLB,www.fishbase.org,,,,,
Cetorhinus maximus,3.2,0.3,FB/SLB,www.fishbase.org,,,,,
Chaceon affinis,3.23,0.35,Local modelling,Lassalle et al. 2011,,,,,
Chaceon quinquedens,3.23,0.35,Local modelling,Lassalle et al. 2011,,,,,
Chaceon spp,3.09,0.35,,,,,,,
Chaetaster longipes,2.2,0.35,labtroph,,,,,,
Charonia rubicunda,2.37,0.35,labtroph,,,,,,
Chaetognata,2.4,0.35,,,,,,,
Chamelea gallina,2.1,0.35,,,,,,,
Charonia lampas,2.37,0.35,,,,,,,
Charonia lampax,2.37,0.35,,,,,,,
Chaunax pictus,4.3,0.3,FB/SLB,www.fishbase.org,,,,,
Chelidonichthys cuculus,3.86,0.02,Local SC,IEO analysis from Isaskun Preciado,,,,,
Chelidonichthys gurnardus,3.9,0.02,Local IA,Chouvelon et al. 2012,,,,,
Chelidonichthys lastoviza,3.4,0.5,FB/SLB,www.fishbase.org,,,,,
Chelidonichthys lucerna,3.92,0.21,Local SC,IEO analysis from Isaskun Preciado,,,,,
Chelidonichthys lucerna (? 20 cm),3.77,0.06,Local SC,IEO Analysis ,,,,,
Chelidonichthys lucerna (? 21 ?39 cm),3.95,0.04,Local SC,IEO Analysis ,,,,,
Chelidonichthys lucerna (?40 cm),3.85,0.07,Local SC,IEO Analysis ,,,,,
Chelidonichthys lucernus,3.92,0.21,Local SC,IEO analysis from Isaskun Preciado,,,,,
Chelidonichthys obscurus,3.55,0.04,Local SC,IEO analysis from Isaskun Preciado,,,,,
Chelidonichthys spp,3.5,0.5,,,,,,,
Chelidonichtys cuculus (?17 cm),3.77,0.03,Local SC,IEO Analysis ,,,,,
Chelidonichtys cuculus (?18 ?32 cm),3.89,0.02,Local SC,IEO Analysis ,,,,,
Chelidonychtys cuculus (?33 cm),3.98,0.06,Local SC,IEO Analysis ,,,,,
Chelon labrosus,2.6,0.32,FB/SLB,www.fishbase.org,,,,,
Chelophyes appendiculata,3,0.35,labtroph,,,,,,
Chimaera monstrosa,4.1,0.08,Local IA,Chouvelon et al. 2012,,,,,
Chlamys islandica,2,0.35,,,,,,,
Chlamys varia,2,0.35,Local modelling,Lassalle et al. 2011,,,,,
Chloeia venusta,2.061,0.35,labtroph,,,,,,
Chlorophthalmus agassizii,3.7,0.01,FB/SLB,www.fishbase.org,,,,,
Chlorophthalmus agassizi,3.7,0.01,FB/SLB,www.fishbase.org,,,,,
Chlorophyceae,1,0.01,,,,,,,
Chlorotocus crassicornis,2.7,0.35,,,,,,,
Chondrichthyes,4,0.35,,,,,,,
Chondrus crispus,1,0.01,,,,,,,
Chromis chromis,3,0.2,FB/SLB,www.fishbase.org,,,,,
Cidaris cidaris,2,0.35,labtroph,,,,,,
Circomphalus casinus,2,0.35,Local modelling,Lassalle et al. 2011,,,,,
Cirolanidae,2.285,0.35,labtroph,,,,,,
Citharus linguatula,4,0.65,FB/SLB,www.fishbase.org,,,,,
Clio pyramidata,2.4,0.35,,,,,,,
Clupea harengus,3.79,0.04,Non local IA,Pinnegar et al. 2002,,,,,
Clupeidae,3.68,0.6,FB/SLB & Local IA & Non local IA,www.fishbase.org & Chouvelon et al. 2012 & Pinnegar et al. 2002,,,,,
Clupeoidei,3.79,0.04,,,,,,,
Cnidaria,2.34,0.35,,,,,,,
Codium tomentosum,1,0.01,,,,,,,
Coelorinchus caelorhincus,3.5,0.2,FB/SLB,www.fishbase.org,,,,,
Coelorhynchus coelorhynchus,3.5,0.2,,,,,,,
Colus gracilis,2.37,0.35,labtroph,,,,,,
Colus spp,2.37,0.35,labtroph,,,,,,
Colus sp.,2.37,0.35,labtroph,,,,,,
Comarmondia gracilis,2.37,0.35,labtroph,,,,,,
Conger conger,4.25,0.02,Local SC,IEO analysis from Isaskun Preciado,,,,,
Congridae,4.25,0.02,,,,,,,
Copepoda,2,0.35,,,,,,,
Corallium rubrum,2.34,0.35,Local modelling,Lassalle et al. 2011,,,,,
Corallium spp,2.34,0.35,,,,,,,
Corella parallelogramma,2,0.35,labtroph,,,,,,
Coris julis, 3.2,0.5,,,,,,,
Coristes cassivelanus,2.5,0.35,labtroph,,,,,,
Corystes cassivelaunus,2.5,0.35,labtroph,,,,,,
Corophiidea,2.285,0.35,,,,,,,
Coryphaena hippurus,4.4,0.01,,,,,,,
Coryphaenoides rupestris,4.1,0.15,Local IA,Chouvelon et al. 2012,,,,,
Crangon crangon,2.9,0.09,Local IA,Chouvelon et al. 2012,,,,,
Crangonidae,2.95,0.09,Local IA,Chouvelon et al. 2012,,,,,
Crassostrea gigas,2,0.01,,,,,,,
Crassostrea spp,2,0.35,Local modelling,Lassalle et al. 2011,,,,,
Crassostrea sp.,2,0.35,Local modelling,Lassalle et al. 2011,,,,,
Crassostrea virginica,2,0.35,local modelling,Lassalle et al. 2011,,,,,
Crepidula fornicata,2,0.35,Local modelling,Lassalle et al. 2011,,,,,
Crinoidea,2.4,0.35,,,,,,,
Crustacea,2.5,0.35,,,,,,,
Crystallogobius linearis,3.4,0.45,fishbase,,,,,,
Ctenolabrus rupestris,3.4,0.5,FB/SLB,www.fishbase.org,,,,,
Cumacea,2.5,0.35,,,,,,,
Cyclothone spp,3.6,0.53,fishbase,,,,,,
Cymbulia peronii,2.4,0.35,labtroph,,,,,,
Cymbulia peroniii,2.4,0.35,labtroph,,,,,,
Cynoscion regalis,3.8,0.2,FB/SLB,www.fishbase.org,,,,,
Cyprinus carpio,3,0.3,FB/SLB,www.fishbase.org,,,,,
Cyttopsis rosea,4,0.66,FB/SLB,www.fishbase.org,,,,,
Dalatias licha,4.2,0.7,FB/SLB,www.fishbase.org,,,,,
Dasyatidae,3.87,0.63,,,,,,,
Dasyatis pastinaca,4.1,0.63,FB/SLB,www.fishbase.org,,,,,
Dasyatis spp,3.87,0.63,FB/SLB,www.fishbase.org,,,,,
Dasyatis violacea,4.4,0.54,FB/SLB,www.fishbase.org,,,,,
Deania calcea,4.42,0.31,Local SC,IEO analysis from Isaskun Preciado,,,,,
Deania profundorum,4.28,stomach contents,,,,,,,
Deania spp,4.35,0.35,mean,,,,,,
Decabrachia,3.5,0.35,,,,,,,
Decapoda,2.5,0.35,,,,,,,
Decapterus punctatus,4,0.01,,,,,,,
Delectopecten vitreus,2.1,0.35,labtroph,,,,,,
Deltentosteus quadrimaculatus,3.1,0.2,fishbase,,,,,,
Dendrobranchiata,3.8,0.59,,,,,,,
Dendrophyllia ramea,2.34,0.35,labtroph,,,,,,
Dendrophyllia spp,2.34,0.35,labtroph,,,,,,
Dentalium spp,2,0.35,labtroph,,,,,,
Dentex canariensis,3.6   ,0.59,,,,,,,
Dentex dentex,4.5,0.7,FB/SLB,www.fishbase.org,,,,,
Dentex gibbosus,4.1,0.59,,,,,,,
Dentex macrophthalmus,3.5,0.44,,,,,,,
Dentex maroccanus,3.9,0.61,,,,,,,
Dentex spp,4,0.7,FB/SLB,www.fishbase.org,,,,,
Diazona violacea,2,0.35,labtroph,,,,,,
Dicentrarchus labrax,4.2,0.04,Local IA,Chouvelon et al. 2012,"3.82, Lassalle et al., 2014",,,,
Dicentrarchus labrax (< 40 cm),3.6,0.04,Local IA,Chouvelon et al. 2012,,,,,
Dicentrarchus labrax (> 40 cm),4.2,0.04,Local IA,Chouvelon et al. 2012,,,,,
Dicentrarchus punctatus,4,0.1,Local IA,Chouvelon et al. 2012,"3.98, Lassalle et al., 2014",,,,
Dicentrarchus spp,4.1,0.1,Local IA,Chouvelon et al. 2012,,,,,
Dichelopandalus bonnieri,2.6,0.35,labtroph,,,,,,
Dicologlossa cuneata,3.8,0.09,Local IA,Chouvelon et al. 2012,,,,,
Dicologoglossa cuneata,3.8,0.09,local IA,Chouvelon et al. 2012,,,,,
Diogenes pugilator,2.5,0.35,labtroph,,,,,,
Diplodus annularis,3.4   ,0.4,,,,,,,
Diplodus cervinus,3,0.37,FB/SLB,www.fishbase.org,,,,,
Diplodus puntazzo,3.2,0.01,FB/SLB,www.fishbase.org,,,,,
Diplodus sargus,3.4,0.1,FB/SLB,www.fishbase.org,,,,,
Diplodus spp,3.3,0.45,FB/SLB,www.fishbase.org,,,,,
Diplodus vulgaris,3.5,0.1,FB/SLB,www.fishbase.org,,,,,
Dipturus batis,4.2,0.6,FB/SLB,www.fishbase.org,,,,,
Donax spp,2,0.35,Local modelling,Lassalle et al. 2011,,,,,
Donax trunculus,2,0.35,,,,,,,
Dosinia exoleta,2.1,0.35,labtroph,,,,,,
Dosinia spp,2.1,0.35,labtroph,,,,,,
Ebalia spp,3.2,0.35,,,,,,,
Ebalia tuberosa,3.2,0.35,,,,,,,
Echiichthys vipera,3.9,0.04,Local IA,Chouvelon et al. 2012,,,,,
Echinidae,2,0.35,labtroph,,,,,,
Echinocardium cordatum,2,0.01,FB/SLB,www.sealifebase.org,,,,,
Echinocyamus puxillus,2,0.35,labtroph,,,,,,
Echinodermata,2,0.35,labtroph,,,,,,
Echinoidea,2,0.35,labtroph,,,,,,
Echinothurioida,2,0.35,labtroph,,,,,,
Echinus acutus,2,0.35,labtroph,,,,,,
Echinus esculentus,2,0.01,FB/SLB,www.sealifebase.org,,,,,
Echinus melo,2,0.35,labtroph,,,,,,
Echiodon dentatus,3.7,0.6,fishbase,,,,,,
Echiodon drummondii,4,0.65,FB/SLB,www.fishbase.org,,,,,
Elasmobranchii,4,0.35,,,,,,,
Elasmobranchios,4,0.35,,,,,,,
Electrona risso,3.4,0.45,FB/SLB,www.fishbase.org,,,,,
Eledone cirrosa,3.3,0.04,Local IA,Chouvelon et al. 2012,,,,,
Eledone cirrhosa,3.3,0.04,Local IA,Chouvelon et al. 2012,,,,,
Eledone moschata,3.7,0.35,,,,,,,
Eledone spp,3.48,0.58,FB/SLB & Local IA,www.sealifebase.org & Chouvelon et al. 2012,,,,,
Enchelyopus cimbrius,3.5,0.2,FB/SLB,www.fishbase.org,,,,,
Engraulis encrasicolus,3.9,0.09,Local IA,Chouvelon et al. 2012,"3.74, Lassalle et al., 2014",,,,
Ensis ensis,2.1,0.01,labtroph,,,,,,
Ensis magnus,2.1,0.35,labtroph,,,,,,
Ensis siliqua,2.1,0.35,labtroph,,,,,,
Entelurus aequoreus,3.5,0.44,FB/SLB,www.fishbase.org,,,,,
Ephyrina figueirai,2.6,0.35,labtroph,,,,,,
Ephyrina spp,2.6,0.35,labtroph,,,,,,
Epigonus denticulatus,3.4,0.47,FB/SLB,www.fishbase.org,,,,,
Epigonus telescopus,3.3,0.5,FB/SLB,www.fishbase.org,,,,,
Epinephelus caninus,3.8,0.55,FB/SLB,,,,,,
Epinephelus marginatus,4.4,0.01,FB/SLB,www.fishbase.org,,,,,
Epinephelus spp,4.4,0.01,,,,,,,
Epitonium clathrus,2.37,0.35,labtroph,,,,,,
Epizoanthidae,2.34,0.35,labtroph,,,,,,
Epizoanthus incrustatus,2.34,0.35,labtroph,,,,,,
Epizoanthus spp,2.34,0.35,labtroph,,,,,,
Erythrops neapolitana,2.2,0.35,labtroph,,,,,,
Erythrops spp,2.2,0.35,labtroph,,,,,,
Etmopterus pusillus,4.2,0.4,FB/SLB,www.fishbase.org,,,,,
Etmopterus spinax, 3.8   ,0.5,FB/SLB,3.932198308,stomach contents,,,,
Etmopterus spp,4.38,0.63,FB/SLB & Local IA,www.fishbase.org & Chouvelon et al. 2012,,,,,
Eucarida,2.2,0.35,labtroph,,,,,,
Eunicidae,3.5,0.35,labtroph,,,,,,
Euphasia krohni,2.2,0.35,labtroph,,,,,,
Euphasia spp,2.2,0.35,labtroph,,,,,,
Euphausia couchii,2.2,0.35,labtroph,,,,,,
Euphausiacea,2.2,0.35,labtroph,,,,,,
Eurynome aspera,2.5,0.35,labtroph,,,,,,
Eusergestes arcticus,2.1,0.35,labtroph,,,,,,
Eusirus spp,2.285,0.35,labtroph,,,,,,
Euspira fusca,2.37,0.35,labtroph,,,,,,
Euthynnus alletteratus,4.5,0.01,FB/SLB,www.fishbase.org,,,,,
Eutrigla gurnardus,3.9,0.02,Local IA,Chouvelon et al. 2012,,,,,
Eutrigla gurnardus (?27 cm),3.87,0.03,Local SC,IEO Analysis ,,,,,
Eutrigla gurnardus (?28 cm),4.22,0.07,Local SC,IEO Analysis ,,,,,
Fucus spp,1,0.01,,,,,,,
Fucus vesiculosus,1,0.01,,,,,,,
Funiculina quadrangularis,2.34,0.35,labtroph,,,,,,
Gadiculus argenteus,3.6,0.3,FB/SLB,www.fishbase.org,,,,,
Gadidae,3.5,0.35,,,,,,,
Gadiformes,4.2,0.45,,,,,,,
Gadus macrocephalus,4.2,0.1,FB/SLB,www.fishbase.org,,,,,
Gadus morhua,4.35,0.13,Non local IA,Pinnegar et al. 2002,,,,,
Gaidropsarus biscayensis,3.6,0.3,FB/SLB,www.fishbase.org,,,,,
Gaidropsarus macrophthalmus,3.73,0.05,Local SC,IEO analysis from Isaskun Preciado,,,,,
Gaidropsarus mediterraneus,3.4,0.5,FB/SLB,www.fishbase.org,,,,,
Gaidropsarus spp,3.44,0.5,FB/SLB,www.fishbase.org,,,,,
Gaidropsarus vulgaris,3.3,0.5,FB/SLB,www.fishbase.org,,,,,
Galathea dispersa,2.6,0.35,local IA,"LeLoc'h et al., 2008",,,,,
Galathea spp,2.5,0.35,,,,,,,
Galathea strigosa,3.09,0.35,,,,,,,
Galatheidae,2.3,0.35,FB/SLB & Local IA,www.sealifebase.org & Le Loc'h et al. 2008,,,,,
Galeocerdo cuvier,4.5,0.01,,,,,,,
Galeodea rugosa,3.93,0.14,FB/SLB,www.sealifebase.org,,,,,
Galeorhinus galeus,4.88,0.14,Non local IA,Pinnegar et al. 2002,,,,,
Galeus atlanticus,4,0.2,FB/SLB,www.fishbase.org,3.992346744,stomach contents,,,
Galeus melastomus,4.04,0.04,Local SC,IEO analysis from Isaskun Preciado,,,,,
Galeus spp,4.04,0.04,,,,,,,
Gammaridae,2.285,0.35,,,,,,,
Gammaropsis spp,2.285,0.35,,,,,,,
Gasteropteron meckeli,2.37,0.35,labtroph,,,,,,
Gastropoda,3.09,0.35,,,,,,,
Gastrosaccus spp,2.2,0.35,,,,,,,
Gelidium spp,1,0.01,,,,,,,
Gempylidae,4.25,0.71,FB/SLB,www.fishbase.org,,,,,
Geodidae,2,0.35,labtroph,,,,,,
Geryon longipes,2.6,0.35,,,,,,,
Geryon trispinosus,2.6,0.35,,,,,,,
Geryonidae,2.6,0.35,,,,,,,
Gibbula spp,3.2,0.35,,,,,,,
Gibbula umbilicalis,2.37,0.35,,,,,,,
Glycera spp,3.7,0.35,,,,,,,
Glycymeris glycymeris,2,0.35,Local modelling,Lassalle et al. 2011,,,,,
Glycymeris spp,2.1,0.35,,,,,,,
Glyptocephalus cynoglossus,3.88,0.09,Non local IA,Pinnegar et al. 2002,,,,,
Gnatophausia zoea,2.1,0.35,labtroph,,,,,,
Gnathophausia zoea,2.1,0.35,labtroph,,,,,,
Gobiidae,3.1,0.35,,,,,,,
Gobioidei,3.1,0.35,,,,,,,
Gobioidei+Callionymoidei ind.,3.1,0.35,,,,,,,
Gobius niger, 3.2   ,0.4,,,,,,,
Gobius spp,3.2,0.45,FB/SLB,www.fishbase.org,,,,,
Gobiusculus flavescens,3.2,0.34,,,,,,,
Goneplax rhomboides,2.9,0.35,local IA,"LeLoc'h et al., 2008",,,,,
Gracilechinus acutus,2,0.35,labtroph,,,,,,
Griphus vitreus,2,0.35,,,,,,,
Gymnammodytes semisquamatus,2.7,0.3,FB/SLB,www.fishbase.org,,,,,
Gymnura altavela,4.5,0.1,FB/SLB,www.fishbase.org,,,,,
Haemulidae(=Pomadasyidae),3.63,0.52,FB/SLB,www.fishbase.org,,,,,
Halargyreus johnsonii,3.4,0.47,FB/SLB,www.fishbase.org,,,,,
Halice spp,2.285,0.35,,,,,,,
Haliotis tuberculata,2,0.01,FB/SLB,www.sealifebase.org,,,,,
Halobatrachus didactylus,4.0   ,0.64,,,,,,,
Harpinia antennaria,2.285,0.35,,,,,,,
Helicolenus dactylopterus,3.99,0.05,Local SC,IEO analysis from Isaskun Preciado,,,,,
Heptranchias perlo,4.2,0.4,,,,,,,
Hexanchus griseus,4.3,0.5,FB/SLB,www.fishbase.org,,,,,
Hidroidea,3,0.35,labtroph,,,,,,
Hidroides norvegica,2.061,0.35,labtroph,,,,,,
Himanthalia elongata,1,0.01,,,,,,,
Hinia reticulata,2.37,0.35,labtroph,,,,,,
Hippocampus hippocampus ,3.2,0.4,FB/SLB,www.fishbase.org,,,,,
Hippoglossoides platessoides,4.03,0.03,Non local IA,Pinnegar et al. 2002,,,,,
Hippoglossus hippoglossus,4,0.5,FB/SLB,www.fishbase.org,,,,,
Hirudinea,2.06,0.35,labtroph,,,,,,
Hirundichthys rondeletii,3,0.1,FB/SLB,www.fisbase.org,,,,,
Histioteuthis reversa,3.5,0.35,labtroph,,,,,,
Holothuria forskali,2,0.35,labtroph,,,,,,
Holothuroidea,2.9,0.35,local IA,"LeLoc'h et al., 2008",,,,,
Homarus gammarus,3.7,0.23,FB/SLB,www.sealifebase.org,,,,,
Homarus spp,3.7,0.23,,,,,,,
Hoplostethus atlanticus,4.5,0.04,Local IA,Chouvelon et al. 2012,,,,,
Hoplostethus mediterraneus,3.5   ,0.53,FB/SLB,www.fishbase.org,3.563885535,stomach contents,,,
Hyalinoecia tubicola,2.061,0.35,labtroph,,,,,,
Hydrolagus spp,3.88,0.61,FB/SLB,www.fishbase.org,,,,,
Hydromedusa,3,0.35,labtroph,,,,,,
Hydrozoa,3,0.35,labtroph,,,,,,
Hymenocephalus italicus,3.4,0.01,FB/SLB,www.fishbase.org,,,,,
Hymenodiscus coronata,2.2,0.35,labtroph,,,,,,
Hyperoplus immaculatus,3.47,0.15,Non local IA,Pinnegar et al. 2002,,,,,
Hyperoplus lanceolatus,4,0.04,Local IA,Chouvelon et al. 2012,3.99,"Lassalle, 2014",,,
Hypperiidae,2.285,0.35,labtroph,,,,,,
Illex coindetii,3.91,0.02,Local IA,Lassalle et al. 2014,,,,,
Illex illecebrosus,3.98,0.65,FB/SLB,www.sealifebase.org,,,,,
Illex spp,3.95,0.65,FB/SLB & Local IA,www.sealifebase.org & Lassalle et al. 2014,,,,,
Inachiidae,3.5,0.35,labtroph,,,,,,
Inachus dorsettensis,3.5,0.35,labtroph,,,,,,
Inachus leptochirus,3.5,0.35,labtroph,,,,,,
Inachus spp,3.5,0.35,labtroph,,,,,,
Invertebrata,2.5,0.35,labtroph,,,,,,
Irregularia,2,0.35,labtroph,,,,,,
Isopoda,2.285,0.35,labtroph,,,,,,
Istiophoridae,4.48,0.4,FB/SLB,www.fishbase.org,,,,,
Istiophorus albicans,4.5,0.4,FB/SLB,www.fishbase.org,,,,,
Istiophorus spp,4.5,0.4,FB/SLB,www.fishbase.org,,,,,
Isurus oxyrinchus,4.5,0.01,FB/SLB,www.fishbase.org,,,,,
Isurus paucus,4.5,0.01,FB/SLB,www.fishbase.org,,,,,
Isurus spp,4.5,0.01,,,,,,,
Jaxea nocturna,2.6,0.35,labtroph,,,,,,
Jujubinus exasperatus,2.37,0.35,labtroph,,,,,,
Katsuwonus pelamis,4.4,0.5,FB/SLB,www.fishbase.org,,,,,
Kyphosidae,3.5,0.35,,,,,,,
L. boscii (?17 cm),3.67,0.02,Local SC,IEO Analysis ,,,,,
L. boscii (?18 - ?32 cm),3.82,0.01,Local SC,IEO Analysis ,,,,,
L. boscii (?33 cm),3.94,0.04,Local SC,IEO Analysis ,,,,,
L. whiffiagonis (?15 cm),3.74,0.05,local SC,IEO Analysis ,,,,,
L. whiffiagonis (?16- ?23 cm),4.05,0.04,local SC,IEO Analysis ,,,,,
L. whiffiagonis (?24- ?36 cm),4.27,0.03,local SC,IEO Analysis ,,,,,
L. whiffiagonis (?37 cm),4.55,0.04,local SC,IEO Analysis ,,,,,
Labridae,3.53,0.62,FB/SLB & Local IA,www.fishbase.org & Chouvelon et al. 2012,,,,,
Labrus bergylta,4.3,0.01,Local IA,Chouvelon et al. 2012,,,,,
Labrus bimaculatus,3.9,0.62,FB/SLB,,,,,,
Labrus merula,3.6,0.5,FB/SLB,,,,,,
Labrus mixtus,3.9,0.62,FB/SLB,www.fishbase.org,,,,,
Labrus spp,3.9,0.6,mean,,,,,,
Labrus viridis,3.9,0.4,FB/SLB,,,,,,
Laetmogone violacea,2,0.35,labtroph,,,,,,
Laetmonice filicornis,2.061,0.35,labtroph,,,,,,
Laevicardium crassum,2.1,0.35,labtroph,,,,,,
Lamna nasus,4.6,0.01,FB/SLB,www.fishbase.org,,,,,
Lamnidae,4.53,0.4,FB/SLB,www.fishbase.org,,,,,
Lampanyctus crocodilus,3.8,0.04,Local IA,Chouvelon et al. 2012,,,,,
Lampris guttatus,4.2,0.62,FB/SLB,www.fishbase.org,,,,,
Lepas spp,2.1,0.35,labtroph,,,,,,
Lepechinella manco,2.285,0.35,labtroph,,,,,,
Lepidion eques,3.2,0.37,FB/SLB,www.fihbase.org,3.588284274,stomach contents,,,
Lepidion lepidion,3.6,0.5,FB/SLB,www.fishbase.org,,,,,
Lepidocybium flavobrunneum,4.3,0.67,FB/SLB,www.fishbase.org,,,,,
Lepidopus caudatus,3.8,0.3,FB/SLB,www.fishbase.org,,,,,
Lepidorhombus boscii,3.75,0.04,Local SC,IEO analysis from Isaskun Preciado,,,,,
Lepidorhombus spp,4.01,0.04,Local SC,IEO analysis from Isaskun Preciado,,,,,
Lepidorhombus whiffiagonis,4.26,0.02,Local SC,IEO analysis from Isaskun Preciado,3.86,"Lassalle, 2014",,,
Lepidotrigla cavillone,3.3,0.2,FB/SLB,www.fishbase.org,3.619023066,stomach contents,,,
Lepidotrigla dieuzeidei,3.7,0.52,FB/SLB,www.fishbase.org,3.559994116,stomach contents,,,
Leptometra celtica,2.4,0.35,labtroph,,,,,,
Leptopentacta tergestina,2.9,0.35,Local IA,Le Loc'h et al. 2008,,,,,
Lesueurigobius friesii,4,0.04,Local IA,Chouvelon et al. 2012,"3.4 (LeLoc'h et al., 2008)",,3.95,"Lassalle, 2014",
Leucoraja circularis,3.9,0.01,Local SC,IEO analysis from Isaskun Preciado,,,,,
Leucoraja fullonica,3.5,0.35,FB/SLB,www.fishbase.org,,,,,
Leucoraja naevus,3.87,0.04,Local SC,IEO analysis from Isaskun Preciado,3.82,"Lassalle, 2014",,,
Lichia amia,4.5,0.8,,,,,,,
Limanda limanda,4.2,0.28,Non local IA,Pinnegar et al. 2002,,,,,
Liocarcinus corrugatus,2.5,0.35,,,,,,,
Liocarcinus depurator,3.2,0.35,Local IA,Le Loc'h et al. 2008,,,,,
Liocarcinus holsatus,2.5,0.35,labtroph,,,,,,
Liocarcinus maculatus,2.5,0.35,,,,,,,
Liocarcinus marmoreus,2.5,0.35,labtroph,,,,,,
Liocarcinus puber,2.5,0.35,,,,,,,
Liocarcinus pusillus,3.7,0.35,,,,,,,
Liocarcinus spp,2.5,0.35,labtroph,,,,,,
Lithodes maja,2.5,0.35,labtroph,,,,,,
Lithodes spp,2.5,0.35,labtroph,,,,,,
Lithognathus mormyrus,3.4,0.5,FB/SLB,www.fishbase.org,3.180946792,stomach contents,,,
Littorina littorea,2,0.35,Local modelling,Lassalle et al. 2011,,,,,
Liza aurata,2.8,0.33,FB/SLB,www.fishbase.org,,,,,
Liza ramada,2.2,0.1,FB/SLB,www.fishbase.org,,,,,
Liza saliens,2.9,0.38,FB/SLB,www.fishbase.org,,,,,
Loliginidae,3.92,0.03,Local IA,Chouvelon et al. 2012 & Lassalle et al. 2014,,,,,
Loligo forbesii,4,0.03,Local IA,Chouvelon et al. 2012,3.97,"Lassalle, 2014",,,
Loligo forbesi,4,0.03,Local IA,Chouvelon et al. 2012,3.97,"Lassalle, 2014",,,
Loligo spp,3.95,0.03,Local IA,Chouvelon et al. 2012,,,,,
Loligo sp.,3.95,0.03,local IA,"Chouvelon et al., 2012",,,,,
Loligo vulgaris,3.9,0.02,Local IA,Chouvelon et al. 2012,3.85,"Lassalle, 2014",,,
Lophiidae,4.55,0.17,Local SC,IEO analysis from Isaskun Preciado,,,,,
Lophius budegassa,4.54,0.17,Local SC,IEO analysis from Isaskun Preciado,,,,,
Lophius budegassa (?20 - ?25 cm),4.49,0.03,Local SC,IEO Analysis ,,,,,
Lophius budegassa (?26 - ?44 cm),4.59,0.03,Local SC,IEO Analysis ,,,,,
Lophius budegassa (?45 cm),4.51,0.05,Local SC,IEO Analysis ,,,,,
Lophius piscatorius,4.57,0.16,Local SC,IEO analysis from Isaskun Preciado,,,,,
Lophius piscatorius (>70cm),4.2,0.03,Local IA,Chouvelon et al. 2012,,,,,
Lophius piscatorius (40-70cm),4.1,0.02,Local IA,Chouvelon et al. 2012,,,,,
Lophius spp,4.55,0.17,Local SC,IEO analysis from Isaskun Preciado,,,,,
Lophogaster typicus,2.2,0.35,labtroph,,,,,,
Luidia ciliaris,2.2,0.35,labtroph,,,,,,
Luidia sarsi,2.2,0.35,labtroph,,,,,,
Lunatia fusca,2.37,0.35,labtroph,,,,,,
Lytocarpia myriophyllum,2.34,0.35,labtroph,,,,,,
M. merluccius ( ? 35 cm),4.55,0.03592727,Local SC,IEO Analysis ,,,,,
M. merluccius (? 17 cm),4.11,0.03295771,Local SC,IEO Analysis ,,,,,
M. merluccius (?18 ? 34cm),4.63,0.02908634,Local SC,IEO Analysis ,,,,,
Macropipus tuberculatus,2.6,0.35,local IA,Le Loc'h et al. 2008,,,,,
Macropodia longipes,2.5,0.35,labtroph,,,,,,
Macroramphosus gracilis,3.4,0.5,FB/SLB,www.fishbase.org,,,,,
Macroramphosus scolopax,3.5,0.4,FB/SLB,www.fishbase.org,,,,,
Macrourus berglax,4.5,0.8,FB/SLB,www.fishbase.org,,,,,
Macrourus spp,4.5,0.8,FB/SLB,www.fishbase.org,,,,,
Mactridae,2,0.35,Local modelling,Lassalle et al. 2011,,,,,
Maja squinado,2.94,0.45,FB/SLB,www.sealifebase.org,,,,,
Makaira indica,4.5,0.4,FB/SLB,www.fishbase.org,,,,,
Makaira nigricans,4.5,0.3,FB/SLB,www.fishbase.org,,,,,
Malacocephalus laevis,3.9,0.04,Local IA,Chouvelon et al. 2012,,,,,
Mallotus villosus,3.2,0.1,FB/SLB,www.fishbase.org,,,,,
Marthasterias glacialis,2.2,0.35,labtroph,,,,,,
Maurolicus muelleri,3,0.1,FB/SLB,www.fishbase.org,,,,,
Meganyctiphanes norvegica,2.2,0.35,labtroph,,,,,,
Melanocharacidium blennioides,3.3,0.5,FB/SLB,www.fishbase.org,,,,,
Melanogrammus aeglefinus,3.9,0.18,Local IA,Chouvelon et al. 2012,3.93,"Lassalle, 2014",,,
Mercenaria mercenaria,2,0.35,Local modelling,Lassalle et al. 2011,,,,,
Meretrix spp,2,0.35,Local modelling,Lassalle et al. 2011,,,,,
Merlangius merlangus,4.1,0.03,Local IA,Chouvelon et al. 2012,4.05,"Lassalle, 2014",,,
Merluccius merluccius,4.56,0.02,Local SC,IEO analysis from Isaskun Preciado,,,,,
Merluccius merluccius (clase 0) juveniles,2.7,LeLoch,,,,,,,
Merluccius merluccius (clase 1),4.207410395,stomach contents,,3.3,LeLoch,,,,
Merluccius merluccius (clase 2+),4.601605484,stomach contents,,,,,,,
Merluccius merluccius <20cm,4.21,0.04,Local SC,IEO analysis from Isaskun Preciado,,,,,
Merluccius merluccius >20cm,4.56,0.03,Local SC,IEO analysis from Isaskun Preciado,,,,,
Merluccius senegalensis,4.5,0.8,FB,,,,,,
Merluccius spp,4.3,0.35,mean,,,,,,
Microchirus azevia,3.2   ,0.41,FB/SLB,www.fishbase.org,,,,,
Microchirus spp,3.43,0.41,FB/SLB & Local IA,www.fishbase.org & Chouvelon et al. 2012,,,,,
Microchirus variegatus,3.8,0.04,Local IA,Chouvelon et al. 2012,"3.5 (LeLoc'h et al., 2008)",,3.75,"Lassalle, 2014",
Micromesistius poutassou,3.77,0.05,Local SC,IEO analysis from Isaskun Preciado,,,,,
Micromesistius poutassou (< 30 cm),3.9,0.03,Local IA,Chouvelon et al. 2012,,,,,
Micromesistius poutassou (> 30 cm),3.8,0.04,Local IA,Chouvelon et al. 2012,,,,,
Microstomus kitt,3.67,0.34,Non local IA,Pinnegar et al. 2002,,,,,
Mimachlamys varia,2,0.35,local modelling,Lassalle et al. 2011,,,,,
Molva dypterygia,4.5,0.8,FB/SLB,www.fishbase.org,,,,,
Molva macrophthalma,4.1,0.04,Local IA,Chouvelon et al. 2012,4.50327567,stomach contents,,,
Molva molva,4.6,0.05,Local IA,Chouvelon et al. 2012,4.58,"Lasalle,2014",,,
Molva spp,4.4,0.8,FB/SLB & Local IA,www.fishbase.org & Chouvelon et al. 2012,,,,,
Monadeus couchii,2.5,0.35,,,,,,,
Monoculodes spp,2.285,0.35,,,,,,,
Monodaeus couchii,2.5,0.35,,,,,,,
Monodaeus spp,2.5,0.35,,,,,,,
Mora moro,4,0.04,Local IA,Chouvelon et al. 2012,,,,,
Moridae,3.48,0.55,FB/SLB,www.fishbase.org,,,,,
Morone saxatilis,4.7,0.2,FB/SLB,www.fishbase.org,,,,,
Mugil cephalus,2.5,0.17,FB/SLB,www.fishbase.org,,,,,
Mugil spp,2.5,0.17,FB/SLB,www.fishbase.org,,,,,
Mugilidae,2.54,0.38,FB/SLB,www.fishbase.org,,,,,
Mullidae,3.24,0.4,,,,,,,
Mullus barbatus,3.2,0.4,FB/SLB,www.fishbase.org,,,,,
Mullus spp,3.24,0.4,FB/SLB & Local SC,www.fishbase.org & IEO analysis from Isaskun Preciado,,,,,
Mullus surmuletus,3.27,0.02,Local SC,IEO analysis from Isaskun Preciado,,,,,
Munida intermedia,2.5,0.35,labtroph,,,,,,
Munida iris,2.5,0.35,labtroph,,,,,,
Munida perarmata,2.5,0.35,labtroph,,,,,,
Munida rutllanti,2.5,0.35,labtroph,,,,,,
Munida sarsi,2.5,0.35,local IA,LeLoc'h et al. 2008,,,,,
Munida spp,2.5,0.35,labtroph,,,,,,
Munida tenuimana,2,0.01,FB/SLB,www.sealifebase.org,,,,,
Munnopsidae,2.285,0.35,,,,,,,
Munnopsis beddardi,2.285,0.35,,,,,,,
Munnopsurus atlanticus,2.285,0.35,,,,,,,
Muraena helena,4.2,0.61,FB/SLB,www.fishbase.org,,,,,
Muraenidae,4.2,0.61,,,,,,,
Murex spp,2,0.35,,,,,,,
Mustelus asterias,3.8,0.09,Local IA,Chouvelon et al. 2012,,3.85,"Lasalle,2014",,
Mustelus mustelus,4,0.15,Local IA,Chouvelon et al. 2012,,4.04,"Lassalle, 2014",,
Mustelus spp,3.9,0.15,Local IA,Chouvelon et al. 2012,,,,,
Mycteroperca rubra,4.1,0.58,,,,,,,
Myctophidae,3.4,0.35,,,,,,,
Myctophoidei,3.4,0.35,,,,,,,
Myctophum punctatum,3.4,0.39,FB/SLB,www.fishbase.org,,,,,
Myliobatidae,3.65,0.54,FB/SLB,www.fishbase.org,,,,,
Myliobatis aquila,3.6,0.54,FB/SLB,www.fishbase.org,,,,,
Mysidacea,2.2,0.35,labtroph,,,,,,
Mysideis parva,2.2,0.35,labtroph,,,,,,
Mytilidae,2,0.35,Local modelling,Lassalle et al. 2011,,,,,
Mytilus edulis,2,0.35,Local modelling,Lassalle et al. 2011,,,,,
Mytilus galloprovincialis,2,0.35,,,,,,,
Mytilus spp,2,0.35,Local modelling,Lassalle et al. 2011,,,,,
Nassarius spp,2.37,0.35,,,,,,,
Natantia,2.6,0.35,,,,,,,
Natatolana borealis,3.3,0.35,Local IA,"LeLoc'h et al., 2008",,,,,
Natica spp,2.37,0.35,,,,,,,
Necora puber,3.7,0.35,Non local IA,Bodin et al. 2008,,,,,
Nematoscelis megalops,2.6,0.35,,,,,,,
Nemertini,2.061,0.35,,,,,,,
Nemichthyidae,3.5,0.35,,,,,,,
Neorossia caroli,3.5,0.35,,,,,,,
Neoscopelus spp,3.7,0.35,,,,,,,
Nephropidae,3.67,0.31,FB/SLB & Local IA,www.sealifebase.org & Chouvelon et al. 2012,,,,,
Nephrops norvegicus,2.8,0.04,Local IA,Chouvelon et al. 2012,2.7,LeLoch,,,
Nephrops norvegicus (14-17 mm),2.9,NA,Local IA,Le Loch and Hily 2005,,,,,
Nephrops norvegicus (22-34 mm),3,NA,Local IA,Le Loch and Hily 2005,,,,,
Nephrops norvegicus (39-42 mm),3.1,NA,Local IA,Le Loch and Hily 2005,,,,,
Neptunea contraria,2.37,0.35,,,,,,,
Nezumia aequalis,3.3,0.1,FB/SLB,www.fishbase.org,,,,,
Nicippe tumida,2.285,0.35,,,,,,,
Nictyphanes couchii,2.2,0.35,labtroph,,,,,,
Notacanthus bonaparte,3.9,0.1,FB/SLB,www.fishbase.org,,,,,
Notacanthus bonapartei,3.9,0.1,FB/SLB,www.fishbase.org,,,,,
Notoscopelus kroeyeri,3.2,0.1,FB/SLB,www.fishbase.org,,,,,
Notoscopelus kroyeri,3.2,0.1,FB/SLB,www.fishbase.org,,,,,
Nudibranchia,2.6,0.35,labtroph,,,,,,
Nymphaster arenatus,2.2,0.35,labtroph,,,,,,
Oblada melanura,3.4,0.35,FB/SLB,www.fishbase.org,,,,,
Ocinebrina spp,2,0.35,labtroph,,,,,,
Octopoda,3.46,0.58,,,,,,,
Octopodidae,3.46,0.58,FB/SLB & Local IA,www.sealifebase.org & Chouvelon et al. 2012,,,,,
Octopus defilippi,3.5,0.6,FB/SLB,www.sealifebase.org,,,,,
Octopus macropus/salutii,3.53,0.6,FB/SLB,www.sealifebase.org,,,,,
Octopus salutii,4.17,0.45,FB/SLB,www.sealifebase.org,,,,,
Octopus spp,3.3,0.13,Local IA,Chouvelon et al. 2012,,,,,
Octopus vulgaris,3.1,0.13,Local IA,Chouvelon et al. 2012,3.14,"Lasalle,2014",,,
Oedalechilus labeo,2.5,0.2,FB/SLB,www.fishbase.org,,,,,
Oedicerotidae,2.285,0.35,,,,,,,
Ommastrephes spp,4.01,0.68,,,,,,,
Ommastrephidae,4.02,0.65,FB/SLB & Local IA,www.sealifebase.org & Chouvelon et al. 2012 & Lassalle et al. 2014,,,,,
Oncorhynchus mykiss,4.1,0.3,,,,,,,
Ophidion barbatum,3.6,0.6,FB/SLB,www.fishbase.org,,,,,
Ophiocomina nigra,2.2,0.35,labtroph,,,,,,
Ophiotrix fragilis,2.2,0.35,labtroph,,,,,,
Ophiothrix fragilis,2.2,0.35,labtroph,,,,,,
Ophiura ophiura,2.2,0.35,labtroph,,,,,,
Ophiuroidea,2.2,0.35,labtroph,,,,,,
Opistobranchia,2.6,0.35,,,,,,,
Opistoteuthis agassizii,3.5,0.35,labtroph,,,,,,
Oplophoridae,2.6,0.35,,,,,,,
Oplophorus spinosus,2.6,0.35,,,,,,,
Orcynopsis unicolor,4.5,0.8,,,,,,,
Osmerus eperlanus,3.5,0.42,FB/SLB,www.fishbase.org,,,,,
Osteichthyes1,3.5,0.35,,,,,,,
Osteichthyes2,3.5,0.35,,,,,,,
Osteichthyes3,3.5,0.35,,,,,,,
Osteichthyes4,3.5,0.35,,,,,,,
Ostrea edulis,2,0.35,Local modelling,Lassalle et al. 2011,,,,,
Ostrea spp,2,0.35,Local modelling,Lassalle et al. 2011,,,,,
Ostreidae,2,0.35,Local modelling,Lassalle et al. 2011,,,,,
Oxynotus centrina,3.1,0.26,,,,,,,
Pagellus acarne,3.55,0.043,local IEO stomach contents,,,,,,
Pagellus bellottii,3.6,0.59,FB/SLB,www.fishbase.org,,,,,
Pagellus bogaraveo,3.7,0.56,FB/SLB,www.fishbase.org,,,,,
Pagellus erythrinus,3.49,0.05,Local SC,IEO analysis from Isaskun Preciado,,,,,
Pagellus spp,3.56,0.56,FB/SLB & Local SC,www.fishbase.org & IEO analysis from Isaskun Preciado,,,,,
Pagrus auriga,3.4   ,0.5,FB/SLB,www.fishbase.org,,,,,
Pagrus caeruleostictus,3.7,0.54,FB/SLB,www.fishbase.org,,,,,
Pagrus pagrus,3.7,0.6,FB/SLB,www.fishbase.org,,,,,
Pagrus spp,3.63,0.6,FB/SLB,www.fishbase.org,,,,,
Paguridae,2.7,0.35,,,,,,,
Pagurus alatus,2.5,0.35,labtroph,,,,,,
Pagurus bernhardus,2.5,0.35,labtroph,,,,,,
Pagurus excavatus,2.5,0.35,labtroph,,,,,,
Pagurus prideaux,2.7,0.35,local IA,"LeLoc'h et al., 2008",,,,,
Palaemon elegans,3.1,0.35,,,,,,,
Palaemon longirostris,2.6,0.35,SeaAroundUs,www.seaaroundus.org/data/#/topic/biodiversity,,,,,
Palaemon serratus,2.69,0.32,FB/SLB,www.sealifebase.org,,,,,
Palaemon spp,3.1,0.35,,,,,,,
Palaemonidae,3.1,0.35,,,,,,,
Palinuridae,3.14,0.35,SeaAroundUs,www.seaaroundus.org/data/#/topic/biodiversity,,,,,
Palinurus elephas,3.34,0.66,FB/SLB,www.sealifebase.org,,,,,
Palinurus gilchristi,2.6,0.35,SeaAroundUs,www.seaaroundus.org/data/#/topic/biodiversity,,,,,
Palinurus mauritanicus,3.54,0.38,FB/SLB,www.sealifebase.org,,,,,
Palinurus spp,3.44,0.66,FB/SLB,www.sealifebase.org,,,,,
Pandalidae,2.7,0.35,,,,,,,
Pandalina brevirostris,2.7,0.35,,,,,,,
Pandalina profunda,2.7,0.35,,,,,,,
Pandalina spp,2.7,0.35,,,,,,,
Pandalus borealis,3.07,0.35,,,,,,,
Paphia aurea,2.1,0.35,,,,,,,
Paphia rhomboides,2.1,0.35,,,,,,,
Paracentrotus lividus,2.34,0.35,Local modelling,Lassalle et al. 2011,,,,,
Paralepididae,3.2,0.35,,,,,,,
Paralepis coregonoides,4.1,0.7,FB/SLB,www.sealifebase.org,,,,,
Paralepis spp,4.1,0.7,,,,,,,
Paraliparis membranaceus,3.3,0.5,FB/SLB,www.fishbase.org,,,,,
Paraliparis spp,3.7,0.35,FB/SLB,www.sealifebae.org,,,,,
Paralithodes spp,3.7,0.43,FB/SLB,www.sealifebase.org,,,,,
Paramblyops rostrata,2.2,0.35,labtroph,,,,,,
Parapagurus pilosimanus,2.5,0.35,,,,,,,
Parapasiphaea sulcatifrons,2.6,0.35,,,,,,,
Parapenaeus longirostris,3.3,0.44,FB/SLB,www.sealifebase.org,,,,,
Parapseudomma calloplura,2.2,0.35,,,,,,,
Parastichopus regalis,2.9,0.35,local IA,"LeLoc'h et al., 2008",,,,,
Parastichopus tremulus,2.9,0.35,local IA,"LeLoc'h et al., 2009",,,,,
Pardaliscidae,2.285,0.35,,,,,,,
Parerythrops obesa,2.2,0.35,,,,,,,
Paromola cuvieri,3.42,0.43,FB/SLB,www.sealifebase.org,,,,,
Parvipalpus major,2.285,0.35,,,,,,,
Pasiphaea multidentata,2.6,0.35,,,,,,,
Pasiphaea sivado,2.6,0.35,,,,,,,
Pasiphaea spp,2.6,0.35,,,,,,,
Patella spp,2,0.35,Local modelling,Lassalle et al. 2011,,,,,
Patella vulgata,2,0.35,,,,,,,
Patellidae,2,0.35,,,,,,,
Patina pellicida,2.37,0.35,,,,,,,
Pecten maximus,2,0.07,Local IA,Chouvelon et al. 2012,"1.1 (LeLoc'h et al., 2008)",,,,
Pectinaria koreni,2.061,0.35,,,,,,,
Pectinidae,2,0.35,Local modelling,Lassalle et al. 2011,,,,,
Pegusa lascaris,3.3,0.1,FB/SLB,www.fishbase.org,,,,,
Pelagia noctiluca,3,0.35,labtroph,,,,,,
Peltaster placenta,2.2,0.35,labtroph,,,,,,
Penaeidae,3.3,0.35,,,,,,,
Penaeopsis serrata,2.1,0.35,labtroph,,,,,,
Penaeus brasiliensis,2.7,0.35,SeaAroundUs,www.seaaroundus.org/data/#/topic/biodiversity,,,,,
Penaeus spp,3.3,0.35,,,,,,,
Pennatula rubra,2.34,0.35,labtroph,,,,,,
Pennatula spp,2.34,0.35,labtroph,,,,,,
Pennatula sp.,2.34,0.35,labtroph,,,,,,
Perciforme,3.5,0.35,,,,,,,
Perciformes1,3.5,0.35,,,,,,,
Perciformes2,3.5,0.35,,,,,,,
Percoidei,4.4,0.01,,,,,,,
Perinereis diversicolor,2.061,0.35,labtroph,,,,,,
Peristedion cataphractum,3.6,0.3,FB/SLB,www.fishbase.org,,,,,
Petromyzon marinus,4.4,0.85,FB/SLB,www.fishbase.org,,,,,
Petromyzontidae,4.33,0.85,FB/SLB,www.fishbase.org,,,,,
Phakellia ventilabrum,2,0.35,labtroph,,,,,,
Pharidae,2.1,0.35,labtroph,,,,,,
Philocheras bispinosus,3.2,0.35,,,,,,,
Philocheras echinolatus,2.6,0.35,,,,,,,
Philocheras echinulatus,2.6,0.35,,,,,,,
Philocheras sculptus,3.2,0.35,,,,,,,
Philocheras spp,3.2,0.35,,,,,,,
Phormosoma placenta,2,0.35,labtroph,,,,,,
Phoxocephalidae,2.285,0.35,,,,,,,
Phronima sedentaria,2.285,0.35,,,,,,,
Phrynorhombus norvegicus,4,0.6,FB/SLB,www.fishbase.org,,,,,
Phtisica marina,2.285,0.35,,,,,,,
Phycis blennoides,3.72,0.04,Local SC,IEO analysis from Isaskun Preciado,,4.04,"Lassalle, 2014",,
Phycis phycis,4.3,0.3,FB/SLB,www.fishbase.org,,,,,
Phycis spp,4.01,0.3,FB/SLB & Local SC,www.fishbase.org & IEO analysis from Isaskun Preciado,,,,,
Phrynorhombus regius,3.8,0.7,FB/SLB,www.fishbase.org,,,,,
Pirimela denticulata,2.5,0.35,,,,,,,
Pisces,3.5,0.35,,,,,,,
Platichthys flesus,3.85,0.2,Non local IA,Pinnegar et al. 2002 ,,,,,
Plectorhinchus mediterraneus,3.5   ,0.52,,,,,,,
Plesionika edwardsi,2.7,0.35,,,,,,,
Plesionika heterocarpus,2.7,0.35,,,,,,,
Plesionika martia,2.6,0.35,,,,,,,
Plesionika spp,2.7,0.35,,,,,,,
Plesiopenaeus edwardsianus,2.6,0.36,,,,,,,
Pleuronectes platessa,3.67,0.17,Non local IA,Pinnegar et al. 2002 ,,,,,
Pleuronectidae,3.9,0.5,FB/SLB & Non local IA,www.fishbase.org & Pinnegar et al. 2002,,,,,
Pleuronectiformes,3.7,0.5,,,,,,,
Pleuronectoidei,3.5,0.5,,,,,,,
Plumularia spp,2.34,0.35,labtroph,,,,,,
Pollachius pollachius,4.2,0.7,FB/SLB,www.fishbase.org,,,,,
Pollachius spp,4.2,0.7,,,,,,,
Pollachius virens,4.11,0.1,Non local IA,Pinnegar et al. 2002 ,,,,,
Pollicipes pollicipes,3.23,0.35,Local modelling,Lassalle et al. 2011,,,,,
Pollicipedidae,3.23,0.35,,,,,,,
Polybius henslowii,2.5,0.35,,,,,,,
Polychaeta,2.061,0.35,,,,,,,
Polycheles typhlops,3.2,0.35,,,,,,,
Polymetme corythaeola,4.4,0.8,FB/SLB,www.fishbase.org,,,,,
Polyprion americanus,4.1,0.64,FB/SLB,www.fishbase.org,,,,,
Polyprion oxygeneios,4.5,0.77,FB/SLB,www.fishbase.org,,,,,
Pomadasys incisus,3.8   ,0.52,,,,,,,
Pomadasys jubelini,3.3,0.5,FB/SLB,www.fishbase.org,,,,,
Pomadasys spp,3.8,0.52,,,,,,,
Pomatochistus spp,3.43,0.25,mean,www.fishbase.org,,,,,
Pomatomus saltatrix,4.5,0.3,FB/SLB,www.fishbase.org,,,,,
Pomatoschistus lozanoi,3.1,0.34,FB/SLB,www.fishbase.org,,,,,
Pomatoschistus minutus,4.1,0.04,Local IA,Chouvelon et al. 2012,,4.03,"Lassalle, 2014",,
Pomatoschistus minutus minutus,4.1,0.04,local IA,Chouvelon et al. 2012,,,,,
Pomatoschistus pictus,3.1,0.33,FB/SLB,www.fishbase.org,,,,,
Pontaster tenuispinus,2.2,0.35,labtroph,,,,,,
Pontinus kuhlii,4.1,0.7,FB/SLB,www.fishbase.org,,,,,
Pontobdella municata,2.06,0.35,labtroph,,,,,,
Pontobdella muricata,2.06,0.35,labtroph,,,,,,
Pontophilus norvegicus,3.2,0.35,labtroph,,,,,,
Pontophilus spinosus,3.2,0.35,labtroph,,,,,,
Pontophilus spp,3.2,0.35,labtroph,,,,,,
Porania pulvillus,2.2,0.35,labtroph,,,,,,
Porifera,2,0.35,labtroph,,,,,,
Porphyra umbilicalis,1,0.01,,,,,,,
Portunidae,2.5,0.35,,,,,,,
Portunus spp,3.23,0.35,Local modelling,Lassalle et al. 2011,,,,,
Priapulida,2.5,0.35,,,,,,,
Prionace glauca,4.2,0.7,FB/SLB,www.fishbase.org,,,,,
Processa canaliculata,2.5,0.35,labtroph,,,,,,
Processa nouveli,2.5,0.35,labtroph,,,,,,
Processa spp,2.5,0.35,labtroph,,,,,,
Psammechinus miliaris,2,0.35,labtroph,,,,,,
Psathyrocaris infirma,2.6,0.35,,,,,,,
Psetta maxima,4.4,0.01,FB/SLB,www.fishbase.org,,,,,
Psettodes bennettii,4.2,0.5,FB/SLB,,,,,,
Pseudomma affine,2.2,0.35,labtroph,,,,,,
Pseudomma spp,2.2,0.35,labtroph,,,,,,
Pseudotiron bouvieri,2.285,0.35,,,,,,,
Psilaster andromeda,2.2,0.35,labtroph,,,,,,
Pteria hirundo,2.1,0.35,labtroph,,,,,,
Pteroeides spinosum,2.34,0.35,labtroph,,,,,,
Pteromylaeus bovinus,3.8,0.57,FB/SLB,www.fishbase.org,,,,,
Pteropoda,2.4,0.35,,,,,,,
Pycnodonte cochlear,2,0.35,labtroph,,,,,,
Rachotropis spp,2.285,0.35,,,,,,,
Raja alba,4.4,0.83,FB/SLB,www.fishbase.org,,,,,
Raja asterias,3.5,0.37,FB/SLB,www.fishbase.org,,,,,
Raja batis,3.5,0.6,FB/SLB,www.fishbase.org,,,,,
Raja brachyura,3.8,0.61,FB/SLB,www.fishbase.org,3.946821991,stomach contents,,,
Raja circularis,3.5,0.37,FB/SLB,www.fishbase.org,,,,,
Raja clavata,3.77,0.02,Local SC,IEO analysis from Isaskun Preciado,,,,,
Raja fullonica,3.5,0.35,FB/SLB,www.fishbase.org,,,,,
Raja georgiana,4.2,0.3,FB/SLB,www.fishbase.org,,,,,
Raja hyperborea,4.3,0.5,FB/SLB,www.fishbase.org,,,,,
Raja leopardus,3.9,0.63,FB/SLB,www.fishbase.org,,,,,
Raja lintea,3.6,0.5,FB/SLB,www.fishbase.org,,,,,
Raja microocellata,3.6,0.04,Local IA,Chouvelon et al. 2012,,,,,
Raja montagui,3.92,0.05,Local SC,IEO analysis from Isaskun Preciado,,,,,
Raja naevus,3.87,0.04,Local SC,IEO analysis from Isaskun Preciado,,,,,
Raja oxyrinchus,3.5,0.35,FB/SLB,www.fishbase.org,,,,,
Raja spp,3.73,0.74,FB/SLB & Local SC & Local IA,www.fishbase.org & IEO analysis from Isaskun Preciado & Chouvelon et al. 2012,,,,,
Raja undulata,3.5,0.37,FB/SLB,www.fishbase.org,,,,,
Rajidae,3.77,0.83,FB/SLB & Local SC & Local IA,www.fishbase.org & IEO analysis from Isaskun Preciado & Chouvelon et al. 2012,,,,,
Rajiformes,3.8,0.6,,,,,,,
Ranella olearium,2.37,0.35,labtroph,,,,,,
Raniceps raninus,3.8,0.56,FB/SLB,www.fishbase.org,,,,,
Reptantia,2.5,0.35,,,,,,,
Rhachotropis caeca,2.285,0.35,,,,,,,
Rhodophyceae,1,0.01,,,,,,,
Rissoidae,2.37,0.35,,,,,,,
Rissoides desmaresti,3.2,0.35,,,,,,,
Rochinia carpenteri,2.5,0.35,,,,,,,
Rondeletiola minor,3.5,0.35,,,,,,,
Rossia macrosoma,4.04,0.53,SLB,www.sealifebase.org,3.17,"Lassalle, 2014",,,
Ruditapes decussatus,2,0.35,Local modelling,Lassalle et al. 2011,,,,,
Ruditapes philippinarum,2,0.35,Local modelling,Lassalle et al. 2011,,,,,
Ruditapes spp,2,0.35,Local modelling,Lassalle et al. 2011,,,,,
Ruvettus pretiosus,4.2,0.57,FB/SLB,www.fishbase.org,,,,,
Sabella spallanzani,2.061,0.35,labtroph,,,,,,
Saccorhiza polyschides,1,0.01,,,,,,,
Salmo salar,4.5,0.3,FB/SLB,www.fishbase.org,,,,,
Salmo trutta,3.4,0.1,FB/SLB,www.fishbase.org,,,,,
Salpidae,2.4,0.35,labtroph,,,,,,
Sander lucioperca,4,0.78,FB/SLB,www.fishbase.org,,,,,
Sarda sarda,4.5,0.7,FB/SLB,www.fishbase.org,,,,,
Sarda spp,4.5,0.7,FB/SLB,www.fishbase.org,,,,,
Sardina pilchardus,3.8,0.06,Local IA,Chouvelon et al. 2012,3.79,"Lassalle, 2014",,,
Sardinella spp,3.4,0.5,,,,,,,
Sarpa salpa,2,0.01,FB/SLB,www.fishbase.org,,,,,
Scaeurgus unicirrhus,3.71,0.35,local IA,"Lassalle et al., 2011",,,,,
Scalpellum scalpellum,2.5,0.35,labtroph,,,,,,
Scaphander lignarius,2.4,0.35,local IA,"LeLoch et al., 2008",,,,,
Scaphopoda,2.6,0.35,,,,,,,
Schedophilus ovalis,3.5,0.47,FB/SLB,www.fishbase.org,,,,,
Sciaena umbra,3.8,0.5,FB/SLB,www.fishbase.org,,,,,
Sciaenidae,3.72,0.75,FB/SLB,www.fishbase.org,,,,,
Scomber colias,3.9,0.63,FB/SLB,www.fishbase.org,,,,,
Scomber japonicus,3.7,0.04,Local IA,Chouvelon et al. 2012,,,,,
Scomber scombrus,3.86,0.32,Local SC,IEO analysis from Isaskun Preciado,4.06,"Lassalle, 2014",,,
Scomber spp,3.82,0.63,FB/SLB & Local SC & Local IA,www.fishbase.org & IEO analysis from Isaskun Preciado & Chouvelon et al. 2012,,,,,
Scomberesocidae,3.8,0.45,FB/SLB,www.fishbase.org,,,,,
Scomberesox saurus,3.6,0.3,FB/SLB,www.fishbase.org,,,,,
Scomberomorus maculatus,4.5,0.5,FB/SLB,www.fishbase.org,,,,,
Scomberomorus spp,4.5,0.5,FB/SLB,www.fishbase.org,,,,,
Scombridae,4.34,0.8,FB/SLB & Local SC & Local IA,www.fishbase.org & IEO analysis from Isaskun Preciado & Chouvelon et al. 2012,,,,,
Scombroidei,4.34,0.8,,,,,,,
Scophthalmidae,4.2,0.4,mean,,,,,,
Scophthalmus maximus,4,0.63,FB/SLB,www.fishbase.org,,,,,
Scophthalmus rhombus,4.4,0.1,FB/SLB,www.fishbase.org,,,,,
Scophthalmus spp,4.2,0.4,mean,,,,,,
Scorpaena loppei,3.5,0.5,FB/SLB,www.fishbase.org,3.76,stomach contents,,,
Scorpaena notata,3.5,0.5,FB/SLB,www.fishbase.org,3.74,stomach contents,,,
Scorpaena porcus,3.9,0.7,FB/SLB,www.fishbase.org,,,,,
Scorpaena scrofa,4.3,0.05,Local IA,Chouvelon et al. 2012,4.43,stomach contents,,,
Scorpaena spp,3.82,0.7,FB/SLB & Local IA,www.fishbase.org & Chouvelon et al. 2012,,,,,
Scorpaenidae,3.82,0.7,FB/SLB & Local IA,www.fishbase.org & Chouvelon et al. 2012,,,,,
Scorpaeniformes,3.82,0.7,,,,,,,
Scyliorhinidae,3.93,0.5,FB/SLB & Local SC,www.fishbase.org & IEO analysis from Isaskun Preciado,,,,,
Scyliorhinus canicula,4.08,0.02,Local SC,IEO analysis from Isaskun Preciado,4.46,"Lassalle, 2014",,,
Scyliorhinus spp,4.04,0.5,FB/SLB & Local SC,www.fishbase.org & IEO analysis from Isaskun Preciado,,,,,
Scyliorhinus stellaris,4,0.5,FB/SLB,www.fishbase.org,4.07,stomach contents,,,
Scyllaridae,2.98,0.35,,,,,,,
Scyllarus arctus,2.98,0.35,,,,,,,
Scyllarus spp,2.98,0.35,,,,,,,
Scymnodon ringens,3.9,0.6,FB/SLB,www.fishbase.org,4.53,stomach contents,,,
Sebastes marinus,4,0.67,FB/SLB,www.fishbase.org,,,,,
Sebastes mentella,4.1,0.66,FB/SLB,www.fishbase.org,,,,,
Sebastes spp,4,0.68,FB/SLB,www.fishbase.org,,,,,
Selachimorpha(Pleurotremata),4.04,0.34,,,,,,,
Semicassis saburon,2.37,0.35,labtroph,,,,,,
Sepia elegans,3.7,0.35,,,3.46,"Lassalle, 2014",,,
Sepia officinalis,3.6,0.05,Local IA,Chouvelon et al. 2012,3.56,"Lassalle, 2014",,,
Sepia orbignyana,3.35,0.03,Local IA,Lassalle et al. 2014,,,,,
Sepia spp,3.7,0.35,,,,,,,
Sepietta oweniana,3.5,0.35,,,,,,,
Sepiidae,3.5,0.35,,,,,,,
"Sepiidae, Sepiolidae",3.5,0.35,,,,,,,
Sepiola rondeleti,3.5,0.35,,,,,,,
Sepiola spp,3.5,0.35,,,,,,,
Sepiolidae,3.5,0.35,,,,,,,
Sergestes arcticus,2.6,0.35,labtroph,,,,,,
Sergia robusta,2.6,0.35,labtroph,,,,,,
Seriola dumerili,4.5,0.8,FB/SLB,www.fishbase.org,,,,,
Seriola lalandi,4.2,0.1,FB/SLB,www.fishbase.org,,,,,
Serpulidae,2.061,0.35,labtroph,,,,,,
Serranidae,3.89,0.61,FB/SLB,www.fishbase.org,,,,,
Serranus atricauda,4.3,0.6,FB/SLB,www.fishbase.org,,,,,
Serranus cabrilla,3.4,0.5,FB/SLB,www.fishbase.org,3.652727517,stomach contents,,,
Serranus hepatus,3.5,0.6,FB/SLB,www.fishbase.org,,,,,
Serranus scriba,3.8,0.6,FB/SLB,www.fishbase.org,,,,,
Serranus spp,3.57,0.6,FB/SLB,www.fishbase.org,,,,,
Sigalionidae,2.061,0.35,labtroph,,,,,,
Sinónimo de Histioteuthis r.,3.5,0.35,labtroph,,,,,,
Sipunculida,2.5,0.35,labtroph,,,,,,
Sipunculida notacanto,2.5,0.35,labtroph,,,,,,
Sipunculus nudus,2.5,0.35,labtroph,,,,,,
Solea lascaris,3.3,0.1,FB/SLB,www.fishbase.org,,,,,
Solea senegalensis,3.1,0.3,FB/SLB,www.fishbase.org,,,,,
Solea solea,3.31,0.06,Local IA,"Chouvelon et al. 2012; Lassalle, 2014","4.1 LeLoc'h et al., 2008",,,,
Solea spp,3.2,0.3,FB/SLB & Local IA,www.fishbase.org & Chouvelon et al. 2012,,,,,
Soleidae,3.49,0.42,FB/SLB & Local IA,www.fishbase.org & Chouvelon et al. 2012,,,,,
Solen marginatus,2.1,0.35,labtroph,,,,,,
Solen spp,2,0.35,Local modelling,Lassalle et al. 2011,,,,,
Solenidae,2,0.35,Local modelling,Lassalle et al. 2011,,,,,
Solenocera membranacea,2.6,0.35,labtroph,,,,,,
Somniosus rostratus,4.2,0.4,FB/SLB,www.fishbase.org,,,,,
Sparidae,3.49,0.7,FB/SLB & Local SC & Local IA,www.fishbase.org & IEO analysis from Isaskun Preciado & Chouvelon et al. 2012,,,,,
Sparus aurata,3.3,0.5,FB/SLB,www.fishbase.org,,,,,
Spatangoidea,2,0.35,labtroph,,,,,,
Spatangus purpureus,2,0.35,labtroph,,,,,,
Sphyraena sphyraena,4,0.51,FB/SLB,www.fishbase.org,,,,,
Sphyraena spp,4,0.51,FB/SLB,www.fishbase.org,,,,,
Sphyrna lewini,4.1,0.5,FB/SLB,www.fishbase.org,,,,,
Sphyrna mokarran,4.3,0.5,FB/SLB,www.fishbase.org,,,,,
Sphyrna spp,4.43,0.5,FB/SLB,www.fishbase.org,,,,,
Sphyrna zygaena,4.9,0.5,FB/SLB,www.fishbase.org,,,,,
Spicara maena,4.2,0.6,FB/SLB,www.fishbase.org,,,,,
Spicara smaris,3,0.01,FB/SLB,www.fishbase.org,,,,,
Spicara spp,4.2,0.6,FB/SLB,www.fishbase.org,,,,,
Spisula ovalis,2,0.35,Local modelling,Lassalle et al. 2011,,,,,
Spisula solida,2,0.35,Local modelling,Lassalle et al. 2011,,,,,
Spondyliosoma cantharus,4.3,0.11,Local IA,Chouvelon et al. 2012,3.58,stomach contents,,4.28,"Lassalle, 2014"
Sprattus sprattus,4,0.09,Local IA,Chouvelon et al. 2012,4.01,"Lassalle, 2014",,,
Squalidae,3.7,0.4,FB/SLB & Non local IA,www.fishbase.org & Pinnegar et al. 2002,,,,,
"Squalidae, Scyliorhinidae",3.81,0.5,FB/SLB & Local SC & Non local IA,www.fishbase.org & IEO analysis from Isaskun Preciado & Pinnegar et al. 2002,,,,,
Squaliformes,3.81,0.5,,,,,,,
Squalus acanthias,3.41,0.1,Non local IA,Pinnegar et al. 2002 ,,,,,
Squalus blainville,4.0   ,0.6,,,,,,,
Squalus spp,3.7,0.4,FB/SLB & Non local IA,www.fishbase.org & Pinnegar et al. 2002,,,,,
Squatina spp,4.5,0.6,,,,,,,
Squatina squatina,4.1,0.5,FB/SLB,www.fishbase.org,,,,,
Squilla mantis,2.6,0.35,,,,,,,
Squillidae,3.23,0.35,Local modelling,Lassalle et al. 2011,,,,,
Stegocephalidae,2.285,0.35,labtroph,,,,,,
Stenothoidae,2.285,0.35,labtroph,,,,,,
Sternaspis scutata,2.061,0.35,labtroph,,,,,,
Stichastrella rosea,2.2,0.35,labtroph,,,,,,
Stichopus regalis,2.9,0.35,"LeLoch et al., 2008","LeLoch et al., 2008",,,,,
Stichopus tremulus,2,0.35,labtroph,,,,,,
Stomias boa,4,0.64,FB/SLB,www.fishbase.org,,,,,
Stomias boa boa,4,0.64,FB/SLB,www.fishbase.org,,,,,
Stomiatoidei,3.5,0.35,,,,,,,
Stromateidae,4,0.5,,,,,,,
Stromateus fiatola,4,0.5,FB/SLB,www.fishbase.org,,,,,
Strongylocentrotus spp,2.34,0.35,labtroph,,,,,,
Symphodus cinereus,3.5,0.1,FB/SLB,www.fishbase.org,,,,,
Symphodus melops,3.4,0.1,FB/SLB,www.fishbase.org,,,,,
Symphodus spp,3.45,0.1,mean,,,,,,
Symphurus nigrescens,3.5,0.01,FB/SLB,www.fishbase.org,,,,,
Synaphobranchus kaupii,4.1,0.4,FB/SLB,www.fishbase.org,,,,,
Synaptura lusitanica,3.5,0.5,FB/SLB,www.fishbase.org,,,,,
Syngnathidae,3.7,0.35,,,,,,,
Syrrhoe affinis,2.285,0.35,labtroph,,,,,,
Systellaspis debilis,2.6,0.35,labtroph,,,,,,
Tanaidacea,2.5,0.35,labtroph,,,,,,
Tapes decussata,2.1,0.35,,,,,,,
Tapes philippinarum,2.1,0.35,,,,,,,
Tellina spp,2,0.35,Local modelling,Lassalle et al. 2011,,,,,
Tethyaster subinermis,2.2,0.35,labtroph,,,,,,
Tetraodontidae,3.7,0.2,,,,,,,
Tetrapturus albidus,4.5,0.4,,,,,,,
Tetrapturus audax,4.5,0.77,FB/SLB,www.fishbase.org,,,,,
Tetrapturus spp,4.6,0.3,,,,,,,
Thecosomata,2.4,0.35,,,,,,,
Thia scutellata,2.5,0.35,,,,,,,
Thunnini,4.41,0.8,FB/SLB,www.fishbase.org,,,,,
Thunnus alalunga,4.3,0.2,FB/SLB,www.fishbase.org,,,,,
Thunnus albacares,4.4,0.4,FB/SLB,www.fishbase.org,,,,,
Thunnus atlanticus,4.4,0.3,FB/SLB,www.fishbase.org,,,,,
Thunnus maccoyii,3.9,0.53,FB/SLB,www.fishbase.org,,,,,
Thunnus obesus,4.5,0.01,FB/SLB,www.fishbase.org,,,,,
Thunnus spp,4.5,0.5,,,,,,,
Thunnus thynnus,4.5,0.8,FB/SLB,www.fishbase.org,,,,,
Thyrsites atun,3.6,0.3,,,,,,,
Thyssanoessa spp,2.2,0.35,labtroph,,,,,,
Todarodes sagittatus,3.9,0.02,Local IA,Chouvelon et al. 2012,3.83,"Lassalle, 2014",,,
Todarodes spp,3.9,0.02,,,,,,,
Todaropsis eblanae,4.08,0.35,,4.05,"Lassalle, 2014",,,,
Torpedinidae,4.67,0.6,,,,,,,
Torpedo marmorata,5,0.29,Local IA,Chouvelon et al. 2012,5.01,"Lassalle, 2014",,,
Torpedo nobiliana,4.5,0.8,FB/SLB,www.fishbase.org,,,,,
Torpedo spp,4.67,0.6,FB/SLB & Local IA,www.fishbase.org & Chouvelon et al. 2012,,,,,
Trachichthyidae,4,0.53,FB/SLB & Local IA,www.fishbase.org & Chouvelon et al. 2012,,,,,
Trachinidae,4.1,0.71,FB/SLB & Local IA,www.fishbase.org & Chouvelon et al. 2012,,,,,
Trachinotus ovatus,3.7,0.58,,,,,,,
Trachinotus spp,3.7,0.58,,,,,,,
Trachinus draco,3.8,0.03,Local IA,Chouvelon et al. 2012,3.98,stomach contents,,3.73,"Lassalle, 2014"
Trachinus spp,4.2,0.71,,,,,,,
Trachipterus arcticus,4.5   ,0.62,,,,,,,
Trachipterus spp,4.5,0.62,,,,,,,
Trachurus mediterraneus,3.8,0.3,FB/SLB,www.fishbase.org,,,,,
Trachurus picturatus,3.3,0.42,FB/SLB,www.fishbase.org,,,,,
Trachurus spp,3.7,0.42,FB/SLB & Local IA,www.fishbase.org & Chouvelon et al. 2012,,,,,
Trachurus trachurus,4,0.03,Local IA,Chouvelon et al. 2012,4.03,"Lassalle, 2014",,,
Trachyrincus scabrus,3.6,0.3,,,,,,,
Trachyscorpia cristulata,4.4,0.04,Local IA,Chouvelon et al. 2012,4.07,stomach contents,,,
Trachyscorpia cristulata echinata,4.2,0.58,FB/SLB,www.fishbase.org,,,,,
Trachythyone tergestina,2.9,0.35,local IA,"LeLoch et al., 2007",,,accepted name: Leptopentacta tergestina,,
Trachythyone elongata,2.9,0.35,local IA,"LeLoch et al., 2008",,,,,
Triakidae,3.5,0.4,,,,,,,
Trichiuridae,4.13,0.4,FB/SLB & Local IA,www.fishbase.org & Chouvelon et al. 2012,,,,,
Trichiurus lepturus,4.4,0.4,FB/SLB,www.fishbase.org,,,,,
Trichiurus spp,4.4,0.4,,,,,,,
Trigla lyra,3.7,0.01,FB/SLB,www.fishbase.org,,,,,
Trigla lyra (?29 cm),3.46,0.02,Local SC,IEO Analysis ,,,,,
Trigla lyra (?30 cm),3.58,0.1,Local SC,IEO Analysis ,,,,,
Trigla spp,3.7,0.01,FB/SLB,www.fishbase.org,,,,,
Triglidae,3.72,0.5,FB/SLB & Local SC,www.fishbase.org & IEO analysis from Isaskun Preciado,,,,,
Trigloporus lastoviza,3.4,0.5,FB/SLB,www.fishbase.org,,,,,
Trisopterus esmarkii,3.91,0.17,Non local IA,Pinnegar et al. 2002 ,,,,,
Trisopterus luscus,4.04,0.03,Local IA,Chouvelon et al. 2012,3.73,stomach contents,4.04,"Lassalle, 2014",
Trisopterus minutus,3.94,0.02,Local IA,Chouvelon et al. 2012,3.66,stomach contents,3.94,"Lassalle, 2014",
Trisopterus spp,3.8,0.5,,,,,,,
Troschelia berniciensis,2.37,0.35,labtroph,,,,,,
Tryphosella caecula,2.285,0.35,labtroph,,,,,,
Tryphosites alleni,2.285,0.35,labtroph,,,,,,
Tubicola,2.061,0.35,labtroph,,,,,,
Tunicata,2,0.35,labtroph,,,,,,
Turritella communis,2.37,0.35,labtroph,,,,,,
Turritella spp,2.37,0.35,labtroph,,,,,,
Turritellidae,2.37,0.35,labtroph,,,,,,
Umbrina canariensis,3.4,0.44,FB/SLB,www.fishbase.org,,,,,
Umbrina cirrosa, 3.5   ,0.6,FB/SLB,www.fishbase.org,,,,,
Umbrina spp,3.5,0.52,,,,,,,
Undaria pinnatifida,1,0.01,,,,,,,
Upogebia spp,2.5,0.35,,,,,,,
Uranoscopus scaber, 4.4   ,0.7,,,,,,,
Urophycis tenuis,4.3,0.5,,,,,,,
Urothoidae,2.285,0.35,,,,,,,
Veneridae,2,0.35,Local modelling,Lassalle et al. 2011,,,,,
Venerupis aurea,2.09,0.35,,,,,,,
Venerupis pullastra,2,0.35,Local modelling,Lassalle et al. 2011,,,,,
Venerupis rhomboides,2,0.35,Local modelling,Lassalle et al. 2011,,,,,
Venerupis spp,2.09,0.35,,,,,,,
Venus spp,2,0.35,labtroph,,,,,,
Venus verrucosa,2,0.35,Local modelling,Lassalle et al. 2011,,,,,
Veretillum cynomonium,2.34,0.35,labtroph,,,,,,
Xanthidae,2.5,0.35,,,,,,,
Xantho pilipes,2.5,0.35,,,,,,,
Xantho spp,2.5,0.35,,,,,,,
Xenodermichthys copei,3.2,0.35,FB/SLB,www.fishbase.org,,,,,
Xiphias gladius,4.5,0.2,FB/SLB,www.fishbase.org,,,,,
Zeidae,4.47,0.19,,,,,,,
Zenopsis conchifer,4.5   ,0.8,,,,,,,
Zeugopterus punctatus,4,0.66,FB/SLB,www.fishbase.org,,,,,
Zeus faber,4.47,0.19,Local SC,IEO analysis from Isaskun Preciado,4.11,"Lassalle, 2014",,,
