species;TL;SE
Abudefduf spp;3;0.33
Acantephyra eximia;2.5;0.35
Acantephyra pelagica;2.5;0.35
Acantephyra purpurea;2.5;0.35
Acantephyra spp;2.5;0.35
Acanthocardia aculeata;2.5;0.35
Acanthocardia echinata;2.1;0.35
Acanthocardia paucicostata;2.1;0.35
Acanthocybium solandri;4.3;0.2
Acantholabrus palloni;3.5;0.37
Acipenser spp;3.5;0.51
Acipenser sturio;3.5;0.51
Acipenseridae;3.5;0.51
Actinauge richardi;2.34;0.35
Actinia roja;2.34;0.35
Actinia;2.34;0.35
Actinopterigios;3.5;0.5
Adamsia carcinopados;2.7;0.35
Adamsia palliata;2.7;0.35
Aequipecten opercularis;2.2;0.04
Alcionum palmatum;2.34;0.35
Alcyonium palmatum;2.34;0.35
Alcyonium spp;2.34;0.35
Alepocephalidae ;3.7;0.2
Alepocephalus rostratus;3.7;0.2
Algae;1;0.01
Alloteuthis africana;3.71;0.35
Alloteuthis media;4.45;0.35
Alloteuthis spp;4.45;0.35
Alloteuthis subulata;3.66;0.22
Alopias spp;4.5;0.8
Alopias superciliosus;4.5;0.01
Alopias vulpinus;4.5;0.8
Alosa alosa;3.6;0.53
Alosa alosa, A. fallax;3.6;0.6
Alosa fallax;3.6;0.6
Alosa spp;3.6;0.6
Alpheus dentipes;2.4;0.35
Alpheus glaber;2.4;0.35
Ammodytes marinus;2.7;0.3
Ammodytes spp;3.7;0.04
Ammodytes tobianus;3.7;0.04
Ammodytidae;3.7;0.04
Ampelisca aequicornis;3.1;0.35
Ampelisca spp;2;0.35
Ampeliscidae;2;0.35
Amphipoda;2.3;0.35
Amphiura filiformis;2.2;0.35
Anacanthini ;3.5;0.35
Anapagurus laevis;2;0.35
Anapagurus spp;2.5;0.35
Anarhichas lupus;4;0.35
Anarhichas spp;3.6;0.01
Anemona;2.5;0.35
Anemonia sulcata;2.34;0.35
Anguiliforme;3.5;0.35
Anguilla anguilla;3.47;0.77
Anguilla spp;3.47;0.77
Anilocra physoides;0;0
Anomura;2.5;0.35
Anotopterus pharao;4.3;0.76
Anseropoda membranacea;2.2;0.35
Anseropoda placenta;2.2;0.35
Anthozoa ;2.5;0.35
Anthuridae;2.34;0.35
Aperiovula adriatica;2.37;0.35
Aphanopus carbo;4.2;0.04
Aphia minuta;3.1;0.28
Aphrodita aculeata;2.06;0.35
Aphrodite aculeata;2.06;0.35
Aphroditidae ;2.06;0.35
Apodes ;3.2;0.35
Apogon imberbis;3.8;0.56
Aporrhais pespelicani;2.37;0.35
Aporrhais serresianus;2.37;0.35
Arabella iricolor;2.06;0.35
Arculfia spp;2.29;0.35
Arenicola marina;2.06;0.35
Argentina silus;3.6;0.04
Argentina sphyraena;3.8;0.09
Argentina spp;3.7;0.09
Argissa hamatipes;2.29;0.35
Argobuccinum olearium;2.37;0.35
Argyropelecus hemigymnus;3.1;0.14
Argyropelecus olfersii;3.4;0.41
Argyropelecus spp;3.1;0.14
Argyrosomus regius;4.3;0.75
Aristaeomorpha foliacea;3.77;0.66
Aristomorpha foliacea;3.77;0.66
Aristeidae;3.3;0.47
Aristeus antennatus;3.3;0.47
Aristeus antenatus;3.3;0.47
Armina maculata;2.6;0.35
Arminia tigrina;2.6;0.35
Arnoglossus imperialis;3.8;0.6
Arnoglossus laterna;3.6;0.3
Arnoglossus spp;3.6;0.5
Arnoglossus thori;3.3;0.5
Arrhis mediterraneus;2.29;0.35
Ascophyllum nodosum;1;0.01
Aspitrigla cuculus;3.86;0.02
Astacilla longicornis;2.29;0.35
Astarte sulcata;2.1;0.35
Asteroidea ;2.2;0.35
Asteronys loveni;2.2;0.35
Asteronyx loveni;2.2;0.35
Astropecten irregularis;2.2;0.35
Atelecyclus rotundatus;2.8;0.35
Atelecyclus undecimdentatus;2.5;0.35
Atherina boyeri;3.2;0.36
Atherina presbyter;4.2;0.04
Atherina spp;3.7;0.43
Atherinidae;3.53;0.36
Atrina fragilis;2.1;0.35
Atrina pectinata;2.1;0.35
Auxis rochei;4.3;0.67
Auxis thazard;4.35;0.67
Auxis rochei rochei;4.3;0.67
Balistes capriscus;3.6;0.5
Balistes carolinensis;4.1;0.2
Balistidae;3.85;0.35
Bathymedon spp;2.29;0.35
Bathynectes maravigna;2.5;0.35
Bathypathes patula;2.34;0.35
Bathypolipus arcticus;3.5;0.35
Bathypolypus arcticus;3.5;0.35
Bathypolipus spp;3.5;0.35
Bathypolipus sponsalis;3.65;0.56
Bathypolypus sponsalis;3.65;0.56
Bathyraja spp;4;0.7
Bathysolea profundicola;3.2;0.4
Batrachoides spp;4;0.64
Belone belone;4.2;0.7
Belone belone gracilis;4.2;0.4
Berycidae;4.15;0.2
Beryx decadactylus;4;0.08
Beryx splendens;4.3;0.2
Beryx spp;4.15;0.2
Bivalvia;2.1;0.35
Blenniidae;3.5;0.43
Blennius ocellaris;3.5;0.43
Bolinus brandaris;3.23;0.45
Bonnierella abyssorum;2.29;0.35
Boops boops;4;0.18
Bothidae;3.7;0.6
Bothus podas;3.4;0.4
Brachyura;2.5;0.35
Brama brama;4.1;0.64
Brama spp;4.1;0.64
Brisingella coronata;2.2;0.35
Brissopsis lyrifera;2;0.35
Brosme brosme;4;0.4
Bruzelia typica;2.29;0.35
Buccinum humphreysianum;2.37;0.35
Buccinum undatum;2.2;0.09
Buenia jeffreysii;3.6;0.54
Buglossidium luteum;3.3;0.42
Calanoida;2;0.35
Calappa granulata;2.5;0.35
Callanthias ruber;3.8;0.59
Calliactis parasitica;2.34;0.35
Caliopsis parasitica;0;0
Callianassa spp;2.2;0.35
Callianassa tyrrhena;2;0.01
Callionymus lyra;3.44;0.02
Callionymus maculatus;3.3;0.4
Callionymus reticulatus;3.3;0.39
Callionymus spp;3.3;0.35
Calliostoma granulatum;3;0.35
Callista chione;2;0.35
Calocaris maecandrae;2.5;0.35
Calocaris macandreae;2.5;0.35
Calyptoconcha pellucida;2.37;0.35
Campogramma glaycos;4.5;0.8
Cancer bellianus;2.6;0.35
Cancer pagurus;2.9;0.06
Caprellidae;2.29;0.35
Caproidae;2.94;0.03
Capros aper;2.94;0.03
Carangidae;4.14;0.8
Carangolia barnardi;2.29;0.35
Caranx hippos;3.6;0.4
Caranx rhonchus;3.6;0.59
Carapidae;3.7;0.35
Carcharhinidae;4.5;0.01
Carcharhinus brachyurus;4.5;0.01
Carcharias taurus;4.5;0.4
Carcinus maenas;3.5;0.53
Cardiidae;2;0.35
Cardioidea;2.1;0.35
Cardium spp;2.1;0.35
Caridea;2.6;0.35
Caryophyllia smithii;2.34;0.35
Cavolinia inflexa;2.4;0.35
Cavolinia spp;2.4;0.35
Centrolophidae;3.9;0.38
Centrolophus niger;3.9;0.38
Centrophorus granulosus;4.1;0.4
Centrophorus squamosus;4.2;0.6
Centroscymnus coelolepis;4.5;0.1
Centroscymnus crepidater;4.2;0.4
Cephalopoda;3.5;0.35
Cepola macrophthalma;4.1;0.04
Cepola rubescens;3.1;0.23
Cerastoderma edule;2;0.35
Cerastoderma spp;2;0.35
Ceratoscopelus maderensis;3.1;0.21
Cetorhinus maximus;3.2;0.3
Chaceon affinis;3.23;0.35
Chaceon quinquedens;3.23;0.35
Chaceon spp;3.09;0.35
Chaetaster longipes;2.2;0.35
Charonia rubicunda;2.37;0.35
Chaetognata;2.4;0.35
Chamelea gallina;2.1;0.35
Charonia lampas;2.37;0.35
Charonia lampax;2.37;0.35
Chaunax pictus;4.3;0.3
Chelidonichthys cuculus;3.86;0.02
Chelidonichthys gurnardus;3.9;0.02
Chelidonichthys lastoviza;3.4;0.5
Chelidonichthys lucerna;3.92;0.21
Chelidonichthys lucerna (? 20 cm);3.77;0.06
Chelidonichthys lucerna (? 21 ?39 cm);3.95;0.04
Chelidonichthys lucerna (?40 cm);3.85;0.07
Chelidonichthys lucernus;3.92;0.21
Chelidonichthys obscurus;3.55;0.04
Chelidonichthys spp;3.5;0.5
Chelidonichtys cuculus (?17 cm);3.77;0.03
Chelidonichtys cuculus (?18 ?32 cm);3.89;0.02
Chelidonychtys cuculus (?33 cm);3.98;0.06
Chelon labrosus;2.6;0.32
Chelophyes appendiculata;3;0.35
Chimaera monstrosa;4.1;0.08
Chlamys islandica;2;0.35
Chlamys varia;2;0.35
Chloeia venusta;2.06;0.35
Chlorophthalmus agassizii;3.7;0.01
Chlorophthalmus agassizi;3.7;0.01
Chlorophyceae;1;0.01
Chlorotocus crassicornis;2.7;0.35
Chondrichthyes;4;0.35
Chondrus crispus;1;0.01
Chromis chromis;3;0.2
Cidaris cidaris;2;0.35
Circomphalus casinus;2;0.35
Cirolanidae;2.29;0.35
Citharus linguatula;4;0.65
Clio pyramidata;2.4;0.35
Clupea harengus;3.79;0.04
Clupeidae;3.68;0.6
Clupeoidei;3.79;0.04
Cnidaria;2.34;0.35
Codium tomentosum;1;0.01
Coelorinchus caelorhincus;3.5;0.2
Coelorhynchus coelorhynchus;3.5;0.2
Colus gracilis;2.37;0.35
Colus spp;2.37;0.35
Colus sp.;2.37;0.35
Comarmondia gracilis;2.37;0.35
Conger conger;4.25;0.02
Congridae;4.25;0.02
Copepoda;2;0.35
Corallium rubrum;2.34;0.35
Corallium spp;2.34;0.35
Corella parallelogramma;2;0.35
Coris julis; 3.2;0.5
Coristes cassivelanus;2.5;0.35
Corystes cassivelaunus;2.5;0.35
Corophiidea;2.29;0.35
Coryphaena hippurus;4.4;0.01
Coryphaenoides rupestris;4.1;0.15
Crangon crangon;2.9;0.09
Crangonidae;2.95;0.09
Crassostrea gigas;2;0.01
Crassostrea spp;2;0.35
Crassostrea sp.;2;0.35
Crassostrea virginica;2;0.35
Crepidula fornicata;2;0.35
Crinoidea;2.4;0.35
Crustacea;2.5;0.35
Crystallogobius linearis;3.4;0.45
Ctenolabrus rupestris;3.4;0.5
Cumacea;2.5;0.35
Cyclothone spp;3.6;0.53
Cymbulia peronii;2.4;0.35
Cymbulia peroniii;2.4;0.35
Cynoscion regalis;3.8;0.2
Cyprinus carpio;3;0.3
Cyttopsis rosea;4;0.66
Dalatias licha;4.2;0.7
Dasyatidae;3.87;0.63
Dasyatis pastinaca;4.1;0.63
Dasyatis spp;3.87;0.63
Dasyatis violacea;4.4;0.54
Deania calcea;4.42;0.31
Deania profundorum;4.4;0.4
Deania spp;4.35;0.35
Decabrachia;3.5;0.35
Decapoda;2.5;0.35
Decapterus punctatus;4;0.01
Delectopecten vitreus;2.1;0.35
Deltentosteus quadrimaculatus;3.1;0.2
Dendrobranchiata;3.8;0.59
Dendrophyllia ramea;2.34;0.35
Dendrophyllia spp;2.34;0.35
Dentalium spp;2;0.35
Dentex canariensis;3.6;0.59
Dentex dentex;4.5;0.7
Dentex gibbosus;4.1;0.59
Dentex macrophthalmus;3.5;0.44
Dentex maroccanus;3.9;0.61
Dentex spp;4;0.7
Diazona violacea;2;0.35
Dicentrarchus labrax;4.2;0.04
Dicentrarchus labrax (< 40 cm);3.6;0.04
Dicentrarchus labrax (> 40 cm);4.2;0.04
Dicentrarchus punctatus;4;0.1
Dicentrarchus spp;4.1;0.1
Dichelopandalus bonnieri;2.6;0.35
Dicologlossa cuneata;3.8;0.09
Dicologoglossa cuneata;3.8;0.09
Diogenes pugilator;2.5;0.35
Diplodus annularis;3.4;0.4
Diplodus cervinus;3;0.37
Diplodus cervinus cervinus;3;0.37
Diplodus puntazzo;3.2;0.01
Diplodus sargus;3.4;0.1
Diplodus sargus sargus;3.4;0.1
Diplodus spp;3.3;0.45
Diplodus vulgaris;3.5;0.1
Dipturus batis;4.2;0.6
Donax spp;2;0.35
Donax trunculus;2;0.35
Dosinia exoleta;2.1;0.35
Dosinia spp;2.1;0.35
Ebalia spp;3.2;0.35
Ebalia tuberosa;3.2;0.35
Echiichthys vipera;3.9;0.04
Echinidae;2;0.35
Echinocardium cordatum;2;0.01
Echinocyamus puxillus;2;0.35
Echinodermata;2;0.35
Echinoidea;2;0.35
Echinothurioida;2;0.35
Echinus acutus;2;0.35
Echinus esculentus;2;0.01
Echinus melo;2;0.35
Echiodon dentatus;3.7;0.6
Echiodon drummondii;4;0.65
Elasmobranchii;4;0.35
Elasmobranchios;4;0.35
Electrona risso;3.4;0.45
Eledone cirrosa;3.3;0.04
Eledone cirrhosa;3.3;0.04
Eledone moschata;3.7;0.35
Eledone spp;3.48;0.58
Enchelyopus cimbrius;3.5;0.2
Engraulis encrasicolus;3.9;0.09
Ensis ensis;2.1;0.01
Ensis magnus;2.1;0.35
Ensis siliqua;2.1;0.35
Entelurus aequoreus;3.5;0.44
Ephyrina figueirai;2.6;0.35
Ephyrina spp;2.6;0.35
Epigonus denticulatus;3.4;0.47
Epigonus telescopus;3.3;0.5
Epinephelus caninus;3.8;0.55
Epinephelus marginatus;4.4;0.01
Epinephelus spp;4.4;0.01
Epitonium clathrus;2.37;0.35
Epizoanthidae;2.34;0.35
Epizoanthus incrustatus;2.34;0.35
Epizoanthus spp;2.34;0.35
Erythrops neapolitana;2.2;0.35
Erythrops spp;2.2;0.35
Etmopterus pusillus;4.2;0.4
Etmopterus spinax;3.8;0.5
Etmopterus spp;4.38;0.63
Eucarida;2.2;0.35
Eunicidae;3.5;0.35
Euphasia krohni;2.2;0.35
Euphasia spp;2.2;0.35
Euphausia couchii;2.2;0.35
Euphausiacea;2.2;0.35
Eurynome aspera;2.5;0.35
Eusergestes arcticus;2.1;0.35
Eusirus spp;2.29;0.35
Euspira fusca;2.37;0.35
Euthynnus alletteratus;4.5;0.01
Eutrigla gurnardus;3.9;0.02
Eutrigla gurnardus (?27 cm);3.87;0.03
Eutrigla gurnardus (?28 cm);4.22;0.07
Fucus spp;1;0.01
Fucus vesiculosus;1;0.01
Funiculina quadrangularis;2.34;0.35
Gadiculus argenteus;3.6;0.3
Gadidae;3.5;0.35
Gadiformes;4.2;0.45
Gadus macrocephalus;4.2;0.1
Gadus morhua;4.35;0.13
Gaidropsarus biscayensis;3.6;0.3
Gaidropsarus macrophthalmus;3.73;0.05
Gaidropsarus mediterraneus;3.4;0.5
Gaidropsarus spp;3.44;0.5
Gaidropsarus vulgaris;3.3;0.5
Galathea dispersa;2.6;0.35
Galathea spp;2.5;0.35
Galathea strigosa;3.09;0.35
Galatheidae;2.3;0.35
Galeocerdo cuvier;4.5;0.01
Galeodea rugosa;3.93;0.14
Galeorhinus galeus;4.88;0.14
Galeus atlanticus;4;0.2
Galeus melastomus;4.04;0.04
Galeus spp;4.04;0.04
Gammaridae;2.29;0.35
Gammaropsis spp;2.29;0.35
Gasteropteron meckeli;2.37;0.35
Gastropoda;3.09;0.35
Gastrosaccus spp;2.2;0.35
Gelidium spp;1;0.01
Gempylidae;4.25;0.71
Geodidae;2;0.35
Geryon longipes;2.6;0.35
Geryon trispinosus;2.6;0.35
Geryonidae;2.6;0.35
Gibbula spp;3.2;0.35
Gibbula umbilicalis;2.37;0.35
Glycera spp;3.7;0.35
Glycymeris glycymeris;2;0.35
Glycymeris spp;2.1;0.35
Glyptocephalus cynoglossus;3.88;0.09
Gnatophausia zoea;2.1;0.35
Gnathophausia zoea;2.1;0.35
Gobiidae;3.1;0.35
Gobioidei;3.1;0.35
Gobioidei+Callionymoidei ind.;3.1;0.35
Gobius niger;3.2;0.4
Gobius spp;3.2;0.45
Gobiusculus flavescens;3.2;0.34
Goneplax rhomboides;2.9;0.35
Gracilechinus acutus;2;0.35
Griphus vitreus;2;0.35
Gymnammodytes semisquamatus;2.7;0.3
Gymnura altavela;4.5;0.1
Haemulidae(=Pomadasyidae);3.63;0.52
Halargyreus johnsonii;3.4;0.47
Halice spp;2.29;0.35
Haliotis tuberculata;2;0.01
Halobatrachus didactylus;4;0.64
Harpinia antennaria;2.29;0.35
Helicolenus dactylopterus;3.99;0.05
Heptranchias perlo;4.2;0.4
Hexanchus griseus;4.3;0.5
Hidroidea;3;0.35
Hidroides norvegica;2.06;0.35
Himanthalia elongata;1;0.01
Hinia reticulata;2.37;0.35
Hippocampus hippocampus ;3.2;0.4
Hippoglossoides platessoides;4.03;0.03
Hippoglossus hippoglossus;4;0.5
Hirudinea;2.06;0.35
Hirundichthys rondeletii;3;0.1
Histioteuthis reversa;3.5;0.35
Holothuria forskali;2;0.35
Holothuroidea;2.9;0.35
Homarus gammarus;3.7;0.23
Homarus spp;3.7;0.23
Hoplostethus atlanticus;4.5;0.04
Hoplostethus mediterraneus;3.5;0.53
Hyalinoecia tubicola;2.06;0.35
Hydrolagus spp;3.88;0.61
Hydromedusa;3;0.35
Hydrozoa;3;0.35
Hymenocephalus italicus;3.4;0.01
Hymenodiscus coronata;2.2;0.35
Hyperoplus immaculatus;3.47;0.15
Hyperoplus lanceolatus;4;0.04
Hypperiidae;2.29;0.35
Illex coindetii;3.91;0.02
Illex illecebrosus;3.98;0.65
Illex spp;3.95;0.65
Inachiidae;3.5;0.35
Inachus dorsettensis;3.5;0.35
Inachus leptochirus;3.5;0.35
Inachus spp;3.5;0.35
Invertebrata;2.5;0.35
Irregularia;2;0.35
Isopoda;2.29;0.35
Istiophoridae;4.48;0.4
Istiophorus albicans;4.5;0.4
Istiophorus spp;4.5;0.4
Isurus oxyrinchus;4.5;0.01
Isurus paucus;4.5;0.01
Isurus spp;4.5;0.01
Jaxea nocturna;2.6;0.35
Jujubinus exasperatus;2.37;0.35
Katsuwonus pelamis;4.4;0.5
Kyphosidae;3.5;0.35
L. boscii (?17 cm);3.67;0.02
L. boscii (?18 - ?32 cm);3.82;0.01
L. boscii (?33 cm);3.94;0.04
L. whiffiagonis (?15 cm);3.74;0.05
L. whiffiagonis (?16- ?23 cm);4.05;0.04
L. whiffiagonis (?24- ?36 cm);4.27;0.03
L. whiffiagonis (?37 cm);4.55;0.04
Labridae;3.53;0.62
Labrus bergylta;4.3;0.01
Labrus bimaculatus;3.9;0.62
Labrus merula;3.6;0.5
Labrus mixtus;3.9;0.62
Labrus spp;3.9;0.6
Labrus viridis;3.9;0.4
Laetmogone violacea;2;0.35
Laetmonice filicornis;2.06;0.35
Laevicardium crassum;2.1;0.35
Lamna nasus;4.6;0.01
Lamnidae;4.53;0.4
Lampanyctus crocodilus;3.8;0.04
Lampris guttatus;4.2;0.62
Lepas spp;2.1;0.35
Lepechinella manco;2.29;0.35
Lepidion eques;3.2;0.37
Lepidion lepidion;3.6;0.5
Lepidocybium flavobrunneum;4.3;0.67
Lepidopus caudatus;3.8;0.3
Lepidorhombus boscii;3.75;0.04
Lepidorhombus spp;4.01;0.04
Lepidorhombus whiffiagonis;4.26;0.02
Lepidotrigla cavillone;3.3;0.2
Lepidotrigla dieuzeidei;3.7;0.52
Leptometra celtica;2.4;0.35
Leptopentacta tergestina;2.9;0.35
Lesueurigobius friesii;4;0.04
Leucoraja circularis;3.9;0.01
Leucoraja fullonica;3.5;0.35
Leucoraja naevus;3.87;0.04
Lichia amia;4.5;0.8
Limanda limanda;4.2;0.28
Liocarcinus corrugatus;2.5;0.35
Liocarcinus depurator;3.2;0.35
Liocarcinus holsatus;2.5;0.35
Liocarcinus maculatus;2.5;0.35
Liocarcinus marmoreus;2.5;0.35
Liocarcinus puber;2.5;0.35
Liocarcinus pusillus;3.7;0.35
Liocarcinus spp;2.5;0.35
Lithodes maja;2.5;0.35
Lithodes spp;2.5;0.35
Lithognathus mormyrus;3.4;0.5
Littorina littorea;2;0.35
Liza aurata;2.8;0.33
Liza ramada;2.2;0.1
Liza saliens;2.9;0.38
Liza spp;2.8;0.33
Loliginidae;3.92;0.03
Loligo forbesii;4;0.03
Loligo forbesi;4;0.03
Loligo spp;3.95;0.03
Loligo sp.;3.95;0.03
Loligo vulgaris;3.9;0.02
Lophiidae;4.55;0.17
Lophius budegassa;4.54;0.17
Lophius budegassa (?20 - ?25 cm);4.49;0.03
Lophius budegassa (?26 - ?44 cm);4.59;0.03
Lophius budegassa (?45 cm);4.51;0.05
Lophius piscatorius;4.57;0.16
Lophius piscatorius (>70cm);4.2;0.03
Lophius piscatorius (40-70cm);4.1;0.02
Lophius spp;4.55;0.17
Lophogaster typicus;2.2;0.35
Luidia ciliaris;2.2;0.35
Luidia sarsi;2.2;0.35
Lunatia fusca;2.37;0.35
Lytocarpia myriophyllum;2.34;0.35
M. merluccius ( ? 35 cm);4.55;0.03592727
M. merluccius (? 17 cm);4.11;0.03295771
M. merluccius (?18 ? 34cm);4.63;0.02908634
Macropipus tuberculatus;2.6;0.35
Macropodia longipes;2.5;0.35
Macroramphosus gracilis;3.4;0.5
Macroramphosus scolopax;3.5;0.4
Macrourus berglax;4.5;0.8
Macrourus spp;4.5;0.8
Mactridae;2;0.35
Maja squinado;2.94;0.45
Makaira indica;4.5;0.4
Makaira nigricans;4.5;0.3
Malacocephalus laevis;3.9;0.04
Mallotus villosus;3.2;0.1
Marthasterias glacialis;2.2;0.35
Maurolicus muelleri;3;0.1
Meganyctiphanes norvegica;2.2;0.35
Melanocharacidium blennioides;3.3;0.5
Melanogrammus aeglefinus;3.9;0.18
Mercenaria mercenaria;2;0.35
Meretrix spp;2;0.35
Merlangius merlangus;4.1;0.03
Merluccius merluccius;4.56;0.02
Merluccius merluccius <20cm;4.21;0.04
Merluccius merluccius >20cm;4.56;0.03
Merluccius senegalensis;4.5;0.8
Merluccius spp;4.3;0.35
Microchirus azevia;3.2;0.41
Microchirus spp;3.43;0.41
Microchirus variegatus;3.8;0.04
Micromesistius poutassou;3.77;0.05
Micromesistius poutassou (< 30 cm);3.9;0.03
Micromesistius poutassou (> 30 cm);3.8;0.04
Microstomus kitt;3.67;0.34
Mimachlamys varia;2;0.35
Mola mola;3.7;0.47
Molva dypterygia;4.5;0.8
Molva macrophthalma;4.1;0.04
Molva molva;4.6;0.05
Molva spp;4.4;0.8
Mollusca;3.9;0.02
Monadeus couchii;2.5;0.35
Monoculodes spp;2.29;0.35
Monodaeus couchii;2.5;0.35
Monodaeus spp;2.5;0.35
Mora moro;4;0.04
Moridae;3.48;0.55
Morone saxatilis;4.7;0.2
Mugil cephalus;2.5;0.17
Mugil spp;2.5;0.17
Mugilidae;2.54;0.38
Mullidae;3.24;0.4
Mullus barbatus;3.2;0.4
Mullus spp;3.24;0.4
Mullus surmuletus;3.27;0.02
Munida intermedia;2.5;0.35
Munida iris;2.5;0.35
Munida perarmata;2.5;0.35
Munida rutllanti;2.5;0.35
Munida sarsi;2.5;0.35
Munida spp;2.5;0.35
Munida tenuimana;2;0.01
Munnopsidae;2.29;0.35
Munnopsis beddardi;2.29;0.35
Munnopsurus atlanticus;2.29;0.35
Muraena helena;4.2;0.61
Muraenidae;4.2;0.61
Murex spp;2;0.35
Mustelus asterias;3.8;0.09
Mustelus mustelus;4;0.15
Mustelus spp;3.9;0.15
Mycteroperca rubra;4.1;0.58
Myctophidae;3.4;0.35
Myctophoidei;3.4;0.35
Myctophum punctatum;3.4;0.39
Myliobatidae;3.65;0.54
Myliobatis aquila;3.6;0.54
Mysidacea;2.2;0.35
Mysideis parva;2.2;0.35
Mytilidae;2;0.35
Mytilus edulis;2;0.35
Mytilus galloprovincialis;2;0.35
Mytilus spp;2;0.35
Nassarius spp;2.37;0.35
Natantia;2.6;0.35
Natatolana borealis;3.3;0.35
Natica spp;2.37;0.35
Necora puber;3.7;0.35
Nematoscelis megalops;2.6;0.35
Nemertini;2.06;0.35
Nemichthyidae;3.5;0.35
Neorossia caroli;3.5;0.35
Neoscopelus spp;3.7;0.35
Nephropidae;3.67;0.31
Nephrops norvegicus;2.8;0.04
Neptunea contraria;2.37;0.35
Nezumia aequalis;3.3;0.1
Nicippe tumida;2.29;0.35
Nictyphanes couchii;2.2;0.35
Notacanthus bonaparte;3.9;0.1
Notacanthus bonapartei;3.9;0.1
Notoscopelus kroeyeri;3.2;0.1
Notoscopelus kroyeri;3.2;0.1
Nudibranchia;2.6;0.35
Nymphaster arenatus;2.2;0.35
Oblada melanura;3.4;0.35
Ocinebrina spp;2;0.35
Octopoda;3.46;0.58
Octopodidae;3.46;0.58
Octopus defilippi;3.5;0.6
Octopus macropus/salutii;3.53;0.6
Octopus salutii;4.17;0.45
Octopus spp;3.3;0.13
Octopus vulgaris;3.1;0.13
Oedalechilus labeo;2.5;0.2
Oedicerotidae;2.29;0.35
Ommastrephes spp;4.01;0.68
Ommastrephidae;4.02;0.65
Oncorhynchus mykiss;4.1;0.3
Ophidion barbatum;3.6;0.6
Ophiocomina nigra;2.2;0.35
Ophiotrix fragilis;2.2;0.35
Ophiothrix fragilis;2.2;0.35
Ophiura ophiura;2.2;0.35
Ophiuroidea;2.2;0.35
Opistobranchia;2.6;0.35
Opistoteuthis agassizii;3.5;0.35
Oplophoridae;2.6;0.35
Oplophorus spinosus;2.6;0.35
Orcynopsis unicolor;4.5;0.8
Osmerus eperlanus;3.5;0.42
Osteichthyes1;3.5;0.35
Osteichthyes2;3.5;0.35
Osteichthyes3;3.5;0.35
Osteichthyes4;3.5;0.35
Ostrea edulis;2;0.35
Ostrea spp;2;0.35
Ostreidae;2;0.35
Oxynotus centrina;3.1;0.26
Pagellus acarne;3.55;0.5
Pagellus bellottii;3.6;0.59
Pagellus bellottii bellotti;3.6;0.59
Pagellus bogaraveo;3.7;0.56
Pagellus erythrinus;3.49;0.05
Pagellus spp;3.56;0.56
Pagrus auriga;3.4;0.5
Pagrus caeruleostictus;3.7;0.54
Pagrus pagrus;3.7;0.6
Pagrus spp;3.63;0.6
Paguridae;2.7;0.35
Pagurus alatus;2.5;0.35
Pagurus bernhardus;2.5;0.35
Pagurus excavatus;2.5;0.35
Pagurus prideaux;2.7;0.35
Palaemon elegans;3.1;0.35
Palaemon longirostris;2.6;0.35
Palaemon serratus;2.69;0.32
Palaemon spp;3.1;0.35
Palaemonidae;3.1;0.35
Palinuridae;3.14;0.35
Palinurus elephas;3.34;0.66
Palinurus gilchristi;2.6;0.35
Palinurus mauritanicus;3.54;0.38
Palinurus spp;3.44;0.66
Pandalidae;2.7;0.35
Pandalina brevirostris;2.7;0.35
Pandalina profunda;2.7;0.35
Pandalina spp;2.7;0.35
Pandalus borealis;3.07;0.35
Paphia aurea;2.1;0.35
Paphia rhomboides;2.1;0.35
Paracentrotus lividus;2.34;0.35
Paralepididae;3.2;0.35
Paralepis coregonoides;4.1;0.7
Paralepis spp;4.1;0.7
Paraliparis membranaceus;3.3;0.5
Paraliparis spp;3.7;0.35
Paralithodes spp;3.7;0.43
Paramblyops rostrata;2.2;0.35
Parapagurus pilosimanus;2.5;0.35
Parapasiphaea sulcatifrons;2.6;0.35
Parapenaeus longirostris;3.3;0.44
Parapseudomma calloplura;2.2;0.35
Parastichopus regalis;2.9;0.35
Parastichopus tremulus;2.9;0.35
Pardaliscidae;2.29;0.35
Parerythrops obesa;2.2;0.35
Paromola cuvieri;3.42;0.43
Parvipalpus major;2.29;0.35
Pasiphaea multidentata;2.6;0.35
Pasiphaea sivado;2.6;0.35
Pasiphaea spp;2.6;0.35
Patella spp;2;0.35
Patella vulgata;2;0.35
Patellidae;2;0.35
Patina pellicida;2.37;0.35
Pecten maximus;2;0.07
Pectinaria koreni;2.06;0.35
Pectinidae;2;0.35
Pegusa lascaris;3.3;0.1
Pelagia noctiluca;3;0.35
Peltaster placenta;2.2;0.35
Penaeidae;3.3;0.35
Penaeopsis serrata;2.1;0.35
Penaeus brasiliensis;2.7;0.35
Penaeus spp;3.3;0.35
Pennatula rubra;2.34;0.35
Pennatula spp;2.34;0.35
Pennatula sp.;2.34;0.35
Perciforme;3.5;0.35
Perciformes1;3.5;0.35
Perciformes2;3.5;0.35
Percoidei;4.4;0.01
Perinereis diversicolor;2.06;0.35
Peristedion cataphractum;3.6;0.3
Petromyzon marinus;4.4;0.85
Petromyzontidae;4.33;0.85
Phakellia ventilabrum;2;0.35
Pharidae;2.1;0.35
Philocheras bispinosus;3.2;0.35
Philocheras echinolatus;2.6;0.35
Philocheras echinulatus;2.6;0.35
Philocheras sculptus;3.2;0.35
Philocheras spp;3.2;0.35
Phormosoma placenta;2;0.35
Phoxocephalidae;2.29;0.35
Phronima sedentaria;2.29;0.35
Phrynorhombus norvegicus;4;0.6
Phtisica marina;2.29;0.35
Phycis blennoides;3.72;0.04
Phycis phycis;4.3;0.3
Phycis spp;4.01;0.3
Phrynorhombus regius;3.8;0.7
Pirimela denticulata;2.5;0.35
Pisces;3.5;0.35
Platichthys flesus;3.85;0.2
Plectorhinchus mediterraneus;3.5;0.52
Plesionika edwardsi;2.7;0.35
Plesionika heterocarpus;2.7;0.35
Plesionika martia;2.6;0.35
Plesionika spp;2.7;0.35
Plesiopenaeus edwardsianus;2.6;0.36
Pleuronectes platessa;3.67;0.17
Pleuronectidae;3.9;0.5
Pleuronectiformes;3.7;0.5
Pleuronectoidei;3.5;0.5
Plumularia spp;2.34;0.35
Pollachius pollachius;4.2;0.7
Pollachius spp;4.2;0.7
Pollachius virens;4.11;0.1
Pollicipes pollicipes;3.23;0.35
Pollicipedidae;3.23;0.35
Polybius henslowii;2.5;0.35
Polychaeta;2.06;0.35
Polycheles typhlops;3.2;0.35
Polymetme corythaeola;4.4;0.8
Polyprion americanus;4.1;0.64
Polyprion oxygeneios;4.5;0.77
Pomadasys incisus;3.8;0.52
Pomadasys jubelini;3.3;0.5
Pomadasys spp;3.8;0.52
Pomatochistus spp;3.43;0.25
Pomatomus saltatrix;4.5;0.3
Pomatoschistus lozanoi;3.1;0.34
Pomatoschistus minutus;4.1;0.04
Pomatoschistus minutus minutus;4.1;0.04
Pomatoschistus pictus;3.1;0.33
Pontaster tenuispinus;2.2;0.35
Pontinus kuhlii;4.1;0.7
Pontobdella municata;2.06;0.35
Pontobdella muricata;2.06;0.35
Pontophilus norvegicus;3.2;0.35
Pontophilus spinosus;3.2;0.35
Pontophilus spp;3.2;0.35
Porania pulvillus;2.2;0.35
Porifera;2;0.35
Porphyra umbilicalis;1;0.01
Portunidae;2.5;0.35
Portunus spp;3.23;0.35
Priapulida;2.5;0.35
Prionace glauca;4.2;0.7
Processa canaliculata;2.5;0.35
Processa nouveli;2.5;0.35
Processa spp;2.5;0.35
Psammechinus miliaris;2;0.35
Psathyrocaris infirma;2.6;0.35
Psetta maxima;4.4;0.01
Psettodes bennettii;4.2;0.5
Pseudomma affine;2.2;0.35
Pseudomma spp;2.2;0.35
Pseudotiron bouvieri;2.29;0.35
Psilaster andromeda;2.2;0.35
Pteria hirundo;2.1;0.35
Pteroeides spinosum;2.34;0.35
Pteromylaeus bovinus;3.8;0.57
Pteropoda;2.4;0.35
Pycnodonte cochlear;2;0.35
Rachotropis spp;2.29;0.35
Raja alba;4.4;0.83
Raja asterias;3.5;0.37
Raja batis;3.5;0.6
Raja brachyura;3.8;0.61
Raja circularis;3.5;0.37
Raja clavata;3.77;0.02
Raja fullonica;3.5;0.35
Raja georgiana;4.2;0.3
Raja hyperborea;4.3;0.5
Raja leopardus;3.9;0.63
Raja lintea;3.6;0.5
Raja microocellata;3.6;0.04
Raja montagui;3.92;0.05
Raja naevus;3.87;0.04
Raja oxyrinchus;3.5;0.35
Raja spp;3.73;0.74
Raja undulata;3.5;0.37
Rajidae;3.77;0.83
Rajiformes;3.8;0.6
Ranella olearium;2.37;0.35
Raniceps raninus;3.8;0.56
Reptantia;2.5;0.35
Rhachotropis caeca;2.29;0.35
Rhodophyceae;1;0.01
Rissoidae;2.37;0.35
Rissoides desmaresti;3.2;0.35
Rochinia carpenteri;2.5;0.35
Rondeletiola minor;3.5;0.35
Rossia macrosoma;4.04;0.53
Ruditapes decussatus;2;0.35
Ruditapes philippinarum;2;0.35
Ruditapes spp;2;0.35
Ruvettus pretiosus;4.2;0.57
Sabella spallanzani;2.06;0.35
Saccorhiza polyschides;1;0.01
Salmo salar;4.5;0.3
Salmo trutta;3.4;0.1
Salpidae;2.4;0.35
Sander lucioperca;4;0.78
Sarda sarda;4.5;0.7
Sarda spp;4.5;0.7
Sardina pilchardus;3.8;0.06
Sardinella spp;3.4;0.5
Sarpa salpa;2;0.01
Scaeurgus unicirrhus;3.71;0.35
Scalpellum scalpellum;2.5;0.35
Scaphander lignarius;2.4;0.35
Scaphopoda;2.6;0.35
Schedophilus ovalis;3.5;0.47
Sciaena umbra;3.8;0.5
Sciaenidae;3.72;0.75
Scomber colias;3.9;0.63
Scomber japonicus;3.7;0.04
Scomber scombrus;3.86;0.32
Scomber spp;3.82;0.63
Scomberesocidae;3.8;0.45
Scomberesox saurus;3.6;0.3
Scomberesox saurus saurus;3.9;0
Scomberomorus maculatus;4.5;0.5
Scomberomorus spp;4.5;0.5
Scombridae;4.34;0.8
Scombroidei;4.34;0.8
Scophthalmidae;4.2;0.4
Scophthalmus maximus;4;0.63
Scophthalmus rhombus;4.4;0.1
Scophthalmus spp;4.2;0.4
Scorpaena loppei;3.5;0.5
Scorpaena notata;3.5;0.5
Scorpaena porcus;3.9;0.7
Scorpaena scrofa;4.3;0.05
Scorpaena spp;3.82;0.7
Scorpaenidae;3.82;0.7
Scorpaeniformes;3.82;0.7
Scyliorhinidae;3.93;0.5
Scyliorhinus canicula;4.08;0.02
Scyliorhinus spp;4.04;0.5
Scyliorhinus stellaris;4;0.5
Scyllaridae;2.98;0.35
Scyllarus arctus;2.98;0.35
Scyllarus spp;2.98;0.35
Scymnodon ringens;3.9;0.6
Sebastes marinus;4;0.67
Sebastes mentella;4.1;0.66
Sebastes spp;4;0.68
Selachimorpha(Pleurotremata);4.04;0.34
Semicassis saburon;2.37;0.35
Sepia elegans;3.7;0.35
Sepia officinalis;3.6;0.05
Sepia orbignyana;3.35;0.03
Sepia spp;3.7;0.35
Sepietta oweniana;3.5;0.35
Sepiidae;3.5;0.35
Sepiidae, Sepiolidae;3.5;0.35
Sepiola rondeleti;3.5;0.35
Sepiola spp;3.5;0.35
Sepiolidae;3.5;0.35
Sergestes arcticus;2.6;0.35
Sergia robusta;2.6;0.35
Seriola dumerili;4.5;0.8
Seriola lalandi;4.2;0.1
Serpulidae;2.06;0.35
Serranidae;3.89;0.61
Serranus atricauda;4.3;0.6
Serranus cabrilla;3.4;0.5
Serranus hepatus;3.5;0.6
Serranus scriba;3.8;0.6
Serranus spp;3.57;0.6
Sigalionidae;2.06;0.35
Sinónimo de Histioteuthis r.;3.5;0.35
Sipunculida;2.5;0.35
Sipunculida notacanto;2.5;0.35
Sipunculus nudus;2.5;0.35
Solea lascaris;3.3;0.1
Solea senegalensis;3.1;0.3
Solea solea;3.31;0.06
Solea spp;3.2;0.3
Soleidae;3.49;0.42
Solen marginatus;2.1;0.35
Solen spp;2;0.35
Solenidae;2;0.35
Solenocera membranacea;2.6;0.35
Somniosus rostratus;4.2;0.4
Sparidae;3.49;0.7
Sparus aurata;3.3;0.5
Spatangoidea;2;0.35
Spatangus purpureus;2;0.35
Sphyraena sphyraena;4;0.51
Sphyraena spp;4;0.51
Sphyrna lewini;4.1;0.5
Sphyrna mokarran;4.3;0.5
Sphyrna spp;4.43;0.5
Sphyrna zygaena;4.9;0.5
Spicara maena;4.2;0.6
Spicara smaris;3;0.01
Spicara spp;4.2;0.6
Spisula ovalis;2;0.35
Spisula solida;2;0.35
Spondyliosoma cantharus;4.3;0.11
Sprattus sprattus;4;0.09
Squalidae;3.7;0.4
Squalidae, Scyliorhinidae;3.81;0.5
Squaliformes;3.81;0.5
Squalus acanthias;3.41;0.1
Squalus blainville;4;0.6
Squalus spp;3.7;0.4
Squatina spp;4.5;0.6
Squatina squatina;4.1;0.5
Squilla mantis;2.6;0.35
Squillidae;3.23;0.35
Stegocephalidae;2.29;0.35
Stenothoidae;2.29;0.35
Sternaspis scutata;2.06;0.35
Stichastrella rosea;2.2;0.35
Stichopus regalis;2.9;0.35
Stichopus tremulus;2;0.35
Stomias boa;4;0.64
Stomias boa boa;4;0.64
Stomiatoidei;3.5;0.35
Stromateidae;4;0.5
Stromateus fiatola;4;0.5
Strongylocentrotus spp;2.34;0.35
Symphodus cinereus;3.5;0.1
Symphodus melops;3.4;0.1
Symphodus spp;3.45;0.1
Symphurus nigrescens;3.5;0.01
Synaphobranchus kaupii;4.1;0.4
Synaptura lusitanica;3.5;0.5
Syngnathidae;3.7;0.35
Syrrhoe affinis;2.29;0.35
Systellaspis debilis;2.6;0.35
Tanaidacea;2.5;0.35
Tapes decussata;2.1;0.35
Tapes philippinarum;2.1;0.35
Tellina spp;2;0.35
Tethyaster subinermis;2.2;0.35
Tetraodontidae;3.7;0.2
Tetrapturus albidus;4.5;0.4
Tetrapturus audax;4.5;0.77
Tetrapturus spp;4.6;0.3
Thecosomata;2.4;0.35
Thia scutellata;2.5;0.35
Thunnini;4.41;0.8
Thunnus alalunga;4.3;0.2
Thunnus albacares;4.4;0.4
Thunnus atlanticus;4.4;0.3
Thunnus maccoyii;3.9;0.53
Thunnus obesus;4.5;0.01
Thunnus spp;4.5;0.5
Thunnus thynnus;4.5;0.8
Thyrsites atun;3.6;0.3
Thyssanoessa spp;2.2;0.35
Todarodes sagittatus;3.9;0.02
Todarodes spp;3.9;0.02
Todaropsis eblanae;4.08;0.35
Torpedinidae;4.67;0.6
Torpedo marmorata;5;0.29
Torpedo nobiliana;4.5;0.8
Torpedo spp;4.67;0.6
Trachichthyidae;4;0.53
Trachinidae;4.1;0.71
Trachinotus ovatus;3.7;0.58
Trachinotus spp;3.7;0.58
Trachinus draco;3.8;0.03
Trachinus spp;4.2;0.71
Trachipterus arcticus;4.5;0.62
Trachipterus spp;4.5;0.62
Trachurus mediterraneus;3.8;0.3
Trachurus picturatus;3.3;0.42
Trachurus spp;3.7;0.42
Trachurus trachurus;4;0.03
Trachyrincus scabrus;3.6;0.3
Trachyscorpia cristulata;4.4;0.04
Trachyscorpia cristulata echinata;4.2;0.58
Trachythyone tergestina;2.9;0.35
Trachythyone elongata;2.9;0.35
Triakidae;3.5;0.4
Trichiuridae;4.13;0.4
Trichiurus lepturus;4.4;0.4
Trichiurus spp;4.4;0.4
Trigla lyra;3.7;0.01
Trigla lyra (?29 cm);3.46;0.02
Trigla lyra (?30 cm);3.58;0.1
Trigla spp;3.7;0.01
Triglidae;3.72;0.5
Trigloporus lastoviza;3.4;0.5
Trisopterus esmarkii;3.91;0.17
Trisopterus luscus;4.04;0.03
Trisopterus minutus;3.94;0.02
Trisopterus spp;3.8;0.5
Troschelia berniciensis;2.37;0.35
Tryphosella caecula;2.29;0.35
Tryphosites alleni;2.29;0.35
Tubicola;2.06;0.35
Tunicata;2;0.35
Turritella communis;2.37;0.35
Turritella spp;2.37;0.35
Turritellidae;2.37;0.35
Umbrina canariensis;3.4;0.44
Umbrina cirrosa;3.5;0.6
Umbrina spp;3.5;0.52
Undaria pinnatifida;1;0.01
Upogebia spp;2.5;0.35
Uranoscopus scaber;4.4;0.7
Urophycis tenuis;4.3;0.5
Urothoidae;2.29;0.35
Veneridae;2;0.35
Venerupis aurea;2.09;0.35
Venerupis pullastra;2;0.35
Venerupis rhomboides;2;0.35
Venerupis spp;2.09;0.35
Venus spp;2;0.35
Venus verrucosa;2;0.35
Veretillum cynomonium;2.34;0.35
Xanthidae;2.5;0.35
Xantho pilipes;2.5;0.35
Xantho spp;2.5;0.35
Xenodermichthys copei;3.2;0.35
Xiphias gladius;4.5;0.2
Zeidae;4.47;0.19
Zenopsis conchifer;4.5;0.8
Zeugopterus punctatus;4;0.66
Zeus faber;4.47;0.19
